,model,year,price,transmission,mileage,fuelType,mpg,engineSize,brand,carId
0,Vitara,2019,13549,Manual,34613,Petrol,44.1,1.0,suzuki,30551731
1,Sandero,2021,10999,Manual,7083,Petrol,53.3,1,dacia,29464324
2,Megane,2022,22699,Automatic,10835,Hybrid,217.3,1.6,renault,30425330
3,Clio,2019,15999,Semi-Auto,13446,Petrol,45.6,1.3,renault,30393535
4,Megane,2021,19999,Automatic,13974,Hybrid,235.4,1.6,renault,30425329
5,Clio,2021,13999,Manual,14402,Petrol,None,1,renault,30499376
6,Captur,2020,12899,Manual,15395,Petrol,52.3,0.9,renault,30503117
7,C3,2017,9999,Manual,15806,Petrol,60.1,1.2,citroen,30450415
8,Duster,2020,11299,Manual,15846,Petrol,41.5,1,dacia,30407754
9,Clio,2019,11499,Manual,16606,Petrol,None,0.9,renault,30499203
10,308,2020,14499,Manual,17086,Petrol,52.3,1.2,peugeot,30407759
11,Swift,2019,9649,Manual,22980,Petrol,55.4,1.2,suzuki,30267209
12,1 Series,2017,16699,Semi-Auto,27540,Diesel,68.9,2.0,bmw,30498674
13,Megane,2021,19999,Automatic,13974,Hybrid,235.4,1.6,renault,30425329
14,Clio,2021,13999,Manual,14402,Petrol,None,1,renault,30499376
15,Sandero Stepway,2020,10999,Manual,15220,Petrol,55.4,0.9,dacia,30466987
16,Captur,2020,12899,Manual,15395,Petrol,52.3,0.9,renault,30503117
17,Kadjar,2019,16399,Manual,15627,Petrol,42.16,1.3,renault,30554520
18,C3,2017,9999,Manual,15806,Petrol,60.1,1.2,citroen,30450415
19,Duster,2020,11299,Manual,15846,Petrol,41.5,1,dacia,30407754
20,Duster,2020,14799,Manual,16423,Petrol,43.5,1.3,dacia,30568424
21,Clio,2019,11499,Manual,16606,Petrol,None,0.9,renault,30499203
22,308,2020,14499,Manual,17086,Petrol,52.3,1.2,peugeot,30407759
23,A3,2018,18849,Semi-Auto,30976,Petrol,45.6,1.0,audi,30178653
24,IONIQ,2016,14549,Semi-Auto,56501,Hybrid,78.5,1.6,hyundai,30519613
25,Captur,2019,11799,Manual,35987,Diesel,67.3,1.5,renault,30438566
26,Captur,2020,13699,Manual,37848,Petrol,47.1,1,renault,30490725
27,Clio,2018,9499,Manual,38392,Petrol,60.1,0.9,renault,30467061
28,Clio,2018,9699,Manual,38625,Diesel,85.6,1.5,renault,30515005
29,Fiesta,2017,9499,Manual,38656,Petrol,62.8,1,ford,30477945
30,CX-5,2019,19699,Manual,40174,Petrol,38.2,2,mazda,30477950
31,2008,2016,8199,Manual,42523,Diesel,76.3,1.6,peugeot,30477933
32,Clio,2017,9299,Manual,47747,Diesel,None,1.5,renault,30499374
33,Captur,2016,8999,Manual,47797,Diesel,78.5,1.5,renault,30320229
34,C-MAX,2017,8999,Manual,66529,Diesel,68.9,1.5,ford,30477947
35,Q3,2018,18049,Manual,41075,Petrol,49.6,1.4,audi,30373273
36,IS,2017,20449,Automatic,34047,Hybrid,None,2.5,lexus,30557540
37,Captur,2023,20299,Manual,2091,Petrol,48.7,1.3,renault,30458787
38,Clio,2020,14999,Manual,10339,Petrol,49.6,1,renault,30456610
39,Clio,2019,12799,Manual,12860,Petrol,49.6,1,renault,30456614
40,Duster,2021,14899,Manual,13697,Petrol,45.6,1,dacia,30577644
41,Captur,2019,13499,Manual,21226,Petrol,42.8,1.3,renault,30456612
42,Fiesta,2017,8799,Manual,41974,Petrol,65.7,1,ford,30572539
43,Yeti Outdoor,2016,15799,Manual,44979,Diesel,None,2,skoda,30499379
44,X5,2019,37499,Semi-Auto,82140,Diesel,37.7,3,bmw,30225138
45,Duster,2020,14799,Manual,16423,Petrol,43.5,1.3,dacia,30568424
46,Sandero Stepway,2020,10999,Manual,15220,Petrol,55.4,0.9,dacia,30466987
47,Golf,2019,16049,Semi-Auto,46206,Diesel,54.3,1.6,volkswagen,30562795
48,500X,2020,13499,Manual,29206,Petrol,41.5,1.0,fiat,30572177
49,Ignis,2018,9799,Manual,23204,Petrol,61.4,1.2,suzuki,30467062
50,Duster,2020,14299,Manual,25785,Petrol,41.5,1.3,dacia,30427901
51,Captur,2022,20499,Automatic,9007,Hybrid,2.5,1.6,renault,30560131
52,108,2021,10299,Manual,10553,Petrol,58.9,1,peugeot,30562913
53,Kadjar,2019,16399,Manual,15627,Petrol,42.16,1.3,renault,30554520
54,Clio,2021,15499,Manual,19946,Petrol,53.3,1,renault,30575417
55,Koleos,2017,16499,Automatic,42472,Diesel,47.9,2,renault,30568510
56,Clubman,2018,13999,Semi-Auto,57788,Petrol,55.4,1.5,mini,30554521
57,Sandero,2023,14299,Manual,3391,Petrol,53.3,1,dacia,30568425
58,Grand Scenic,2020,17699,Automatic,13683,Petrol,40.9,1.3,renault,30295397
59,Civic,2016,13899,Automatic,34767,Petrol,42.8,1.8,honda,30557590
60,EcoSport,2016,8899,Manual,42658,Petrol,52.3,1.0,ford,30577424
61,Sandero,2019,8799,Manual,24757,Petrol,57.6,0.9,dacia,30577643
62,Clio,2017,8899,Manual,38631,Petrol,53.3,1.2,renault,30415680
63,Zafira,2017,12699,Manual,57172,Petrol,41.5,1.4,vauxhall,30575410
64,Clio,2021,15499,Manual,18303,Petrol,53.3,1,renault,30560130
65,Juke,2018,11499,Manual,19871,Petrol,50.4,1.2,nissan,30560122
66,Captur,2020,14499,Manual,28226,Diesel,58.9,1.5,renault,30568511
67,C3,2017,10499,Manual,50299,Petrol,56.5,1.2,citroen,30582722
68,Kadjar,2018,10199,Manual,59971,Petrol,50.4,1.2,renault,30515007
69,Sandero Stepway,2014,6490,Manual,24237,Petrol,52.3,0.9,dacia,30147829
70,Q5,2013,16800,Automatic,26880,Diesel,47.1,2.0,audi,30372557
71,2008,2016,9799,Manual,40868,Diesel,76.3,1.6,peugeot,30577511
72,Hatch,2017,14349,Manual,36048,Petrol,49.6,2.0,mini,30460856
73,500,2016,6595,Manual,39000,Petrol,60.1,1.2,fiat,30567631
74,B-MAX,2013,7000,Manual,40000,Petrol,47.1,1.4,ford,30415280
75,Kuga,2015,10000,Manual,46136,Diesel,60.1,2.0,ford,30226899
76,2008,2015,7695,Manual,48000,Petrol,57.7,1.2,peugeot,30576824
77,500L,2015,6995,Manual,49658,Petrol,45.6,1.4,fiat,29940437
78,CRV,2012,9000,Manual,49700,Diesel,43.5,2.2,honda,30415279
79,2008,2015,7195,Manual,50000,Petrol,57.7,1.2,peugeot,30537689
80,208,2016,6490,Manual,51000,Petrol,62.8,1.2,peugeot,30204340
81,Other,2016,7490,Manual,59000,Petrol,65.7,1.2,other,30070481
82,Kadjar,2015,9000,Manual,60000,Diesel,72.4,1.5,renault,30331062
83,Crossland X,2019,11599,Manual,18429,Petrol,44.8,1.2,vauxhall,30572300
84,Leon,2018,14249,Manual,34008,Petrol,54.3,1.4,seat,30348787
85,Kadjar,2016,9490,Manual,65000,Diesel,74.3,1.5,renault,30378749
86,Yeti,2014,10990,Manual,71235,Diesel,49.6,2.0,skoda,30474488
87,Leaf,2014,6000,Automatic,73000,Other,None,1,nissan,29940446
88,3008,2016,8000,Manual,74000,Diesel,68.9,1.6,peugeot,30445117
89,A Class,2016,10990,Manual,74000,Diesel,72.4,1.5,mercedes-benz,30353819
90,Focus,2015,11000,Manual,77500,Petrol,41.5,2.0,ford,30372553
91,Pulsar,2018,8490,Manual,78000,Diesel,78.5,1.5,nissan,30336843
92,2008,2014,6390,Manual,79200,Petrol,57.7,1.2,peugeot,30372555
93,A1,2015,8490,Manual,80000,Petrol,55.4,1.4,audi,30331060
94,C4 Cactus,2015,5890,Manual,83000,Diesel,83.1,1.6,citroen,29699311
95,Sportage,2018,14349,Manual,56744,Petrol,34.9,1.6,kia,30502615
96,Hatch,2017,9399,Manual,55510,Petrol,61.4,1.2,mini,30417376
97,Qashqai,2017,10499,Manual,85000,Diesel,64.2,1.6,nissan,30537684
98,F-PACE,2018,21990,Automatic,87000,Diesel,48.7,2.0,jaguar,30226900
99,B Class,2012,6795,Manual,89000,Diesel,61.4,1.8,mercedes-benz,29126950
100,Q30,2017,10490,Automatic,89000,Diesel,57.7,2.1,infiniti,30537685
101,Cube,2010,2490,Manual,120000,Petrol,42.8,1.6,nissan,30445118
102,B-MAX,2013,4000,Manual,120000,Petrol,47.1,1.4,ford,30173213
103,2008,2015,7695,Manual,48000,Petrol,57.7,1.2,peugeot,30576824
104,Qashqai,2014,7999,Manual,78000,Petrol,50.4,1.2,nissan,30576823
105,Zafira,2015,7490,Manual,87000,Diesel,62.7,1.6,vauxhall,30576825
106,Kuga,2014,8695,Manual,88500,Diesel,47.9,2.0,ford,30576826
107,CLA Class,2019,19049,Manual,15195,Petrol,51.4,1.6,mercedes-benz,30251101
108,Hatch,2019,13049,Manual,40906,Petrol,44.8,1.5,mini,30421710
109,Q30,2017,10490,Automatic,89000,Diesel,57.7,2.1,infiniti,30537685
110,A3,2011,4690,Manual,100000,Diesel,64.2,2.0,audi,30567634
111,Cube,2010,2490,Manual,120000,Petrol,42.8,1.6,nissan,30445118
112,B-MAX,2013,4000,Manual,120000,Petrol,47.1,1.4,ford,30173213
113,Juke,2023,26499,Automatic,1843,Hybrid,55.4,1.6,nissan,30490712
114,Juke,2023,20399,Manual,3000,Petrol,47.9,1,nissan,30152050
115,Leaf,2022,20999,Grey,Electric,Automatic,3000,,nissan,29464236
116,Leaf,2022,20999,Blue,Electric,Automatic,3000,,nissan,29464245
117,Leaf,2023,22399,Grey,Electric,Automatic,3000,,nissan,30152048
118,Leaf,2023,22499,Grey,Electric,Automatic,3000,,nissan,30395492
119,595,2016,10349,Semi-Auto,49147,Petrol,48.7,1.4,abarth,30267228
120,Duster,2019,13199,Manual,21711,Petrol,41.5,1.0,dacia,30348863
121,RX 450h,2020,33999,Automatic,28161,Hybrid,36.2,3.5,lexus,30508355
122,570GT,2017,79999,Semi-Auto,29036,Petrol,26.4,3.8,mclaren,30490721
123,A5,2020,25799,Semi-Auto,45914,Diesel,45.6,2,audi,30448356
124,Range Rover Velar,2018,30999,Automatic,48148,Diesel,52.3,2,land rover,30452206
125,Cayman,2015,34499,Manual,51255,Petrol,31.4,3.4,porsche,30444346
126,Qashqai,2020,15299,Manual,52265,Petrol,39.8,1.3,nissan,30557368
127,6 Series,2016,19999,Semi-Auto,55211,Diesel,None,3,bmw,30499341
128,Range Rover Velar,2019,33999,Automatic,68894,Diesel,38.2,3,land rover,30546946
129,Qashqai,2023,28999,Semi-Auto,3000,Hybrid,44.1,1.3,nissan,30304795
130,Juke,2020,20899,Semi-Auto,7500,Petrol,44.1,1,nissan,30295384
131,C Class,2020,21199,Semi-Auto,57525,Petrol,46.3,1.5,mercedes-benz,30281175
132,500,2016,7699,Manual,39991,Petrol,60.1,1.2,fiat,30384672
133,Juke,2020,20899,Semi-Auto,7500,Petrol,44.1,1,nissan,30295384
134,Leaf,2022,24999,Black,Electric,Automatic,8000,,nissan,29464248
135,Qashqai,2022,22299,Manual,8364,Hybrid,44.8,1.3,nissan,30349062
136,Juke,2022,20799,Manual,8392,Petrol,45.6,1,nissan,30558045
137,Juke,2022,24799,Automatic,8485,Hybrid,55.4,1.6,nissan,30475461
138,Qashqai,2022,24699,Semi-Auto,9725,Hybrid,44.8,1.3,nissan,30349064
139,Qashqai,2021,25599,Manual,10797,Hybrid,44.1,1.3,nissan,30456596
140,Juke,2021,17499,Manual,11250,Petrol,47.9,1,nissan,30490716
141,Juke,2021,20399,Semi-Auto,11979,Petrol,44.1,1,nissan,30063147
142,Qashqai,2020,18099,Manual,12355,Petrol,40.4,1.3,nissan,30444340
143,Golf,2017,15299,Semi-Auto,39824,Diesel,72.4,1.6,volkswagen,30384550
144,Astra,2020,13299,Manual,35004,Diesel,64.2,1.5,vauxhall,30384653
145,GLC Class,2018,22499,Semi-Auto,67224,Diesel,56.5,2.1,mercedes-benz,30577694
146,Juke,2023,26499,Automatic,1843,Hybrid,55.4,1.6,nissan,30490712
147,Juke,2023,20399,Manual,3000,Petrol,47.9,1,nissan,30152050
148,Leaf,2022,20999,Grey,Electric,Automatic,3000,,nissan,29464236
149,Leaf,2022,20999,Blue,Electric,Automatic,3000,,nissan,29464245
150,Leaf,2023,22399,Grey,Electric,Automatic,3000,,nissan,30152048
151,Leaf,2023,22499,Grey,Electric,Automatic,3000,,nissan,30395492
152,Leaf,2023,22699,Grey,Electric,Automatic,3000,,nissan,30395491
153,Leaf,2023,22999,White,Electric,Automatic,3000,,nissan,30152045
154,Leaf,2023,23999,Black,Electric,Automatic,3000,,nissan,30016295
155,CX-3,2019,18749,Automatic,17589,Petrol,39.2,2.0,mazda,30498613
156,500,2017,8999,Manual,24301,Petrol,60.1,1.2,fiat,30572368
157,Qashqai,2021,29499,Semi-Auto,3259,Hybrid,44.1,1.3,nissan,30430443
158,Leaf,2022,18999,Grey,Electric,Automatic,4600,,nissan,29464241
159,Leaf,2023,22699,Black,Electric,Automatic,5000,,nissan,30319543
160,Qashqai,2022,28799,Semi-Auto,5910,Hybrid,51.4,1.5,nissan,30562991
161,Juke,2022,20799,Manual,8392,Petrol,45.6,1,nissan,30558045
162,Juke,2022,24799,Automatic,8485,Hybrid,55.4,1.6,nissan,30475461
163,Qashqai,2022,24699,Semi-Auto,9725,Hybrid,44.8,1.3,nissan,30349064
164,Qashqai,2021,25599,Manual,10797,Hybrid,44.1,1.3,nissan,30456596
165,Juke,2021,17499,Manual,11250,Petrol,47.9,1,nissan,30490716
166,Juke,2021,20399,Semi-Auto,11979,Petrol,44.1,1,nissan,30063147
167,A4,2020,18899,Semi-Auto,61093,Diesel,55.4,2.0,audi,30401255
168,Crossland X,2019,12599,Manual,11744,Petrol,44.8,1.2,vauxhall,30531296
169,Qashqai,2020,18099,Manual,12355,Petrol,40.4,1.3,nissan,30444340
170,Juke,2020,15999,Manual,12945,Petrol,47.9,1,nissan,30401440
171,Juke,2020,19199,Semi-Auto,12960,Petrol,44.8,1,nissan,30438554
172,Qashqai,2020,21999,Semi-Auto,13883,Petrol,39.8,1.3,nissan,30546943
173,Juke,2021,20399,Semi-Auto,14662,Petrol,44.1,1,nissan,30490711
174,HRV,2020,18499,Manual,14853,Petrol,42.2,1.5,honda,30481003
175,Cooper S,2017,15299,Manual,15443,Petrol,47.1,2,mini,30560503
176,C1,2019,11299,Semi-Auto,15516,Petrol,67.3,1,citroen,30490718
177,Yaris,2020,13299,Manual,15732,Petrol,47.9,1.5,toyota,30438555
178,Juke,2021,19999,Semi-Auto,19893,Petrol,44.1,1,nissan,30407743
179,Fabia,2021,10749,Manual,47151,Petrol,51.4,1.0,skoda,30225488
180,C1,2021,11499,Manual,3938,Petrol,58.9,1.0,citroen,30421757
181,Qashqai,2020,17199,Manual,30645,Petrol,40.4,1.3,nissan,30495109
182,X Trail,2020,19499,Manual,30765,Diesel,42.8,1.7,nissan,30438553
183,Qashqai,2017,13499,Manual,30820,Petrol,50.4,1.2,nissan,30562993
184,Qashqai,2020,18899,Manual,30896,Petrol,39.8,1.3,nissan,30520116
185,Qashqai,2018,13999,Manual,31620,Diesel,74.3,1.5,nissan,30367395
186,Qashqai,2020,15299,Manual,33139,Petrol,41.5,1.3,nissan,30568506
187,Qashqai,2018,13899,Manual,33194,Petrol,50.4,1.2,nissan,30401439
188,Z4,2020,31999,Semi-Auto,34734,Petrol,37.2,2,bmw,30452205
189,Yaris,2017,9899,Manual,35488,Petrol,58.9,1.5,toyota,30558044
190,A Class,2020,18499,Manual,36164,Petrol,45.6,1.3,mercedes-benz,30557370
191,Hatch,2020,18649,Semi-Auto,13520,Petrol,47.9,1.5,mini,30476873
192,XF,2018,19999,Automatic,31528,Petrol,38.7,2.0,jaguar,30417295
193,Qashqai,2020,16499,Manual,36758,Petrol,40.4,1.3,nissan,30495113
194,GT-R,2016,87999,Semi-Auto,37059,Petrol,23.9,3.8,nissan,30515001
195,Qashqai,2017,13199,Manual,38508,Diesel,74.3,1.5,nissan,30490707
196,Juke,2017,12899,Manual,39627,Petrol,None,1.6,nissan,30491754
197,F-PACE,2018,26499,Automatic,40009,Diesel,48.7,2,jaguar,30577695
198,Q3,2020,26499,Semi-Auto,41425,Diesel,47.1,2,audi,30417936
199,Juke,2019,10999,Manual,41558,Diesel,49.6,1.5,nissan,30557369
200,Qashqai,2017,13399,Manual,41611,Diesel,74.3,1.5,nissan,30552058
201,Q7,2020,39699,Semi-Auto,42995,Diesel,33.2,3,audi,29942924
202,Kadjar,2019,13199,Manual,44568,Petrol,42.16,1.3,renault,30552057
203,108,2020,9899,Manual,19194,Petrol,52.3,1.0,peugeot,30425016
204,Fabia,2018,9899,Manual,26012,Petrol,57.7,1.0,skoda,30447899
205,Kadjar,2019,13199,Manual,44568,Petrol,42.16,1.3,renault,30552057
206,Discovery Sport,2018,19899,Automatic,47415,Diesel,53.3,2,land rover,30444341
207,Qashqai,2020,15399,Manual,48925,Petrol,39.8,1.3,nissan,30558043
208,Golf,2020,18199,Semi-Auto,50508,Diesel,52.3,2,volkswagen,30558042
209,Sandero Stepway,2016,10899,Manual,51467,Petrol,None,2,dacia,30458275
210,Clubman,2017,14999,Manual,52635,Petrol,45.6,2,mini,30552059
211,CRV,2017,15499,Manual,60621,Petrol,37.2,2,honda,30389769
212,Qashqai,2018,13799,Manual,61084,Diesel,52.3,1.5,nissan,30546940
213,5008,2017,17499,Manual,62518,Diesel,61.4,2,peugeot,30389770
214,EcoSport,2016,7999,Manual,66845,Diesel,64.2,1.5,ford,30562995
215,Ateca,2018,15799,Manual,31942,Petrol,45.6,1.0,seat,30392886
216,Vitara,2018,13999,Manual,30914,Petrol,50.4,1.6,suzuki,30360632
217,695,2022,21799,Manual,7034,Petrol,40.9,1.4,abarth,30495116
218,Countryman,2019,22999,Semi-Auto,24374,Petrol,36.2,2,mini,30490720
219,Macan,2019,45499,Semi-Auto,24932,Petrol,25.7,3,porsche,30520120
220,Z4,2020,31999,Semi-Auto,34734,Petrol,37.2,2,bmw,30452205
221,GT-R,2016,87999,Semi-Auto,37059,Petrol,23.9,3.8,nissan,30515001
222,Q7,2020,39699,Semi-Auto,42995,Diesel,33.2,3,audi,29942924
223,Qashqai,2017,16199,Automatic,45838,Petrol,None,1.2,nissan,30490715
224,Range Rover Velar,2017,30999,Automatic,46519,Diesel,48.7,2,land rover,30520117
225,4 Series,2018,17799,Semi-Auto,55906,Diesel,65.7,2,bmw,30520118
226,F-PACE,2017,21599,Automatic,58454,Diesel,53.3,2,jaguar,30508358
227,X2,2019,16799,Manual,41242,Petrol,42.8,1.5,bmw,30337921
228,Qashqai,2017,13299,Manual,53513,Diesel,74.3,1.5,nissan,30562786
229,5008,2017,17499,Manual,62518,Diesel,61.4,2,peugeot,30389770
230,EcoSport,2016,7999,Manual,66845,Diesel,64.2,1.5,ford,30562995
231,GLC Class,2018,22499,Semi-Auto,67224,Diesel,56.5,2.1,mercedes-benz,30577694
232,Range Rover Velar,2019,33999,Automatic,68894,Diesel,38.2,3,land rover,30546946
233,S-Cross,2023,23299,Manual,4928,Hybrid,47.9,1.4,suzuki,30304801
234,Juke,2023,23899,Automatic,8422,Hybrid,55.4,1.6,nissan,29509529
235,Juke,2022,19999,Manual,8499,Petrol,45.6,1,nissan,30395488
236,Karoq,2020,19099,Automatic,8631,Petrol,41.5,1.5,skoda,30317603
237,X1,2019,25499,Semi-Auto,14676,Petrol,39.8,2,bmw,30304790
238,Qashqai,2021,26899,Semi-Auto,17647,Hybrid,43.5,1.3,nissan,30317602
239,Focus,2020,14899,Manual,29775,Petrol,60.1,1.0,ford,30188288
240,GLA Class,2018,19349,Semi-Auto,58997,Diesel,56.5,2.1,mercedes-benz,30531354
241,Sportage,2019,18199,Manual,28000,Diesel,46.3,1.6,kia,30580447
242,M2,2019,38499,Semi-Auto,28625,Petrol,29.1,3,bmw,30577698
243,Juke,2019,12099,Manual,36053,Petrol,34,1.6,nissan,30580445
244,911,2017,74999,Semi-Auto,49945,Petrol,35.8,3,porsche,30362239
245,NX,2017,18399,Automatic,57104,Hybrid,54.3,2.5,lexus,30304809
246,Qashqai,2018,14099,Manual,57869,Diesel,52.3,1.5,nissan,30582711
247,Qashqai,2017,10999,Manual,78555,Petrol,50.4,1.2,nissan,30580450
248,Superb,2017,16999,Semi-Auto,31765,Petrol,53.3,1.4,skoda,30580449
249,i10,2016,6499,Manual,43870,Petrol,57.6,1.2,hyundai,30580446
250,Fortwo,2017,9299,Automatic,17000,Petrol,68.9,1.0,smart,30537481
251,Tiguan,2017,16399,Semi-Auto,38534,Diesel,49.6,2.0,volkswagen,30079733
252,XC40,2019,24699,Semi-Auto,60002,Diesel,39.8,2.0,volvo,30250892
253,500,2017,7499,Manual,21000,Petrol,60.1,1.2,fiat,29825068
254,C-MAX,2015,9999,Manual,21000,Petrol,44.1,1.6,ford,29984765
255,4 Series,2018,22999,Automatic,21000,Diesel,55.4,3.0,bmw,30378935
256,500,2014,6999,Manual,22000,Petrol,58.9,1.2,fiat,30537478
257,Civic,2017,13299,Manual,29000,Petrol,44.1,1.8,honda,30537484
258,ASX,2015,11799,Automatic,37000,Diesel,48.7,2.3,mitsubishi,29965073
259,Mazda2,2014,6499,Manual,41000,Petrol,56.5,1.3,mazda,30537482
260,Civic,2012,7499,Manual,42000,Petrol,48.7,1.8,honda,30537474
261,A3,2015,14499,Manual,46000,Diesel,67.3,2.0,audi,30249157
262,Passat,2015,11999,Manual,49000,Diesel,68.9,2.0,volkswagen,30331407
263,208,2019,12049,Manual,23294,Petrol,61.4,1.2,peugeot,30447851
264,Captur,2018,12049,Manual,8193,Petrol,52.3,0.9,renault,30507575
265,Qashqai,2012,6299,Manual,50000,Petrol,45.6,1.6,nissan,30331402
266,Passat,2014,8799,Manual,53000,Diesel,65.7,1.6,volkswagen,30537476
267,Tiguan,2018,16499,Manual,54000,Petrol,46.3,1.4,volkswagen,30331404
268,Golf,2018,15299,Automatic,55000,Diesel,67.3,2.0,volkswagen,30537477
269,Golf,2012,8999,Automatic,60000,Petrol,47.1,1.4,volkswagen,30343299
270,Beetle,2015,13499,Manual,60000,Diesel,55.4,2.0,volkswagen,30537480
271,Touareg,2017,22999,Automatic,64000,Diesel,42.8,3.0,volkswagen,30388808
272,3 Series,2015,12999,Automatic,71000,Diesel,65.7,2.0,bmw,30537483
273,Fiesta,2015,5799,Manual,73000,Petrol,54.3,1.2,ford,30537475
274,MX-5,2012,7999,Manual,82000,Petrol,37.2,2.0,mazda,30331403
275,Golf,2015,15549,Semi-Auto,61015,Diesel,62.8,2.0,volkswagen,30477046
276,XC60,2016,17049,Manual,42624,Diesel,62.8,2.0,volvo,30308367
277,C30,2013,8699,Manual,28000,Petrol,37.2,2.0,volvo,30581733
278,Fiesta,2017,7999,Manual,35000,Petrol,54.3,1.2,ford,30537479
279,Fiesta,2017,11999,Manual,44000,Petrol,47.9,1.6,ford,30581732
280,Civic,2012,5999,Manual,71000,Petrol,47.1,1.8,honda,30581731
281,Mazda5,2015,7299,Manual,71000,Diesel,54.3,1.6,mazda,30576957
282,TT,2011,8499,Manual,81000,Diesel,53.3,2.0,audi,30576956
283,Other,2017,19495,Automatic,39000,Other,None,2.0,other,30153537
284,A1,2017,11995,Manual,49000,Petrol,55.4,1.4,audi,30153538
285,Qubo,2011,4995,Automatic,50000,Diesel,62.8,1.3,fiat,30153539
286,Other,2009,2499,Manual,55000,Petrol,47.9,1.1,other,30527678
287,Corolla,2020,16649,Automatic,42550,Hybrid,62.8,1.8,toyota,30476742
288,T-Roc,2019,18499,Manual,46797,Petrol,42.2,1.5,volkswagen,30577499
289,Focus,2011,5895,Manual,57000,Petrol,47.9,1.6,ford,30276092
290,Juke,2014,6995,Manual,58000,Petrol,50,1.2,nissan,30194626
291,A3,2016,14995,Manual,63000,Petrol,58.9,1.4,audi,30218528
292,Other,2013,3995,Manual,69000,Diesel,80.7,1.3,other,30250392
293,TF,2003,2500,Automatic,70000,Petrol,34.9,1.8,mg,30248235
294,Leon,2008,5995,Automatic,71800,Petrol,35.8,2.0,seat,30153533
295,Focus,2015,7800,Manual,72000,Diesel,74.3,1.5,ford,30153531
296,Polo,2009,3250,Manual,73000,Petrol,48.7,1.2,volkswagen,30455304
297,Fabia,2014,5895,Manual,85000,Diesel,67.3,1.6,skoda,30347575
298,Other,2014,7895,Manual,86000,Diesel,74.3,1.6,other,30470621
299,4 Series,2020,24099,Semi-Auto,35549,Diesel,65.7,2.0,bmw,30519586
300,Arona,2019,13799,Manual,41018,Petrol,49.6,1.0,seat,30417159
301,Civic,2008,3995,Manual,113000,Petrol,31,2.0,honda,30153532
302,Aygo,2006,1499,Manual,130000,Petrol,61.4,1.0,toyota,30523686
303,Other,2014,14495,Manual,44000,Petrol,39.2,2.0,other,30566389
304,Other,2013,6495,Manual,113000,Other,67.3,2.0,other,30494287
305,Ibiza,2018,14250,Manual,10435,Petrol,51.4,1.0,seat,30342983
306,500,2019,10995,Manual,11651,Petrol,47.9,1.2,fiat,30346186
307,Aygo,2018,9250,Manual,15854,Petrol,68.9,1.0,toyota,30008080
308,Corsa,2019,11250,Manual,18446,Petrol,53.3,1.2,vauxhall,29821188
309,Cooper,2019,15500,Manual,20772,Petrol,45.6,1.5,mini,30330612
310,EcoSport,2018,13750,Automatic,21343,Petrol,45.6,1.0,ford,30137412
311,Focus,2019,13499,Manual,36149,Diesel,80.7,1.5,ford,30325197
312,C-HR,2019,20149,Automatic,21497,Hybrid,72.4,1.8,toyota,30502694
313,Fiesta,2017,9500,Manual,26522,Petrol,65.7,1.0,ford,30561853
314,Golf,2016,14750,Manual,28635,Diesel,74.3,1.6,volkswagen,30436307
315,Tucson,2017,12995,Manual,30019,Diesel,61.7,1.7,hyundai,30330610
316,Hatch,2015,9995,Manual,30626,Petrol,61.4,1.2,mini,30536709
317,Discovery Sport,2018,26750,Automatic,31013,Diesel,44.1,2.0,land rover,30561854
318,208,2018,9750,Manual,33730,Petrol,58.9,1.2,peugeot,30436309
319,3008,2018,16250,Manual,34300,Petrol,44.1,1.2,peugeot,30449093
320,XE,2019,18650,Automatic,36000,Diesel,48.7,2.0,jaguar,30449094
321,500,2016,7995,Manual,36696,Petrol,60.1,1.2,fiat,29638056
322,Polo,2015,9450,Manual,37056,Petrol,60.1,1.0,volkswagen,28014483
323,Golf,2019,20699,Semi-Auto,23715,Diesel,52.3,2.0,volkswagen,30438142
324,GLC Class,2019,30049,Semi-Auto,35786,Diesel,42.2,2.1,mercedes-benz,30360594
325,Qashqai,2016,11450,Manual,40252,Diesel,74.3,1.5,nissan,30330609
326,Octavia,2018,19250,Manual,40735,Petrol,35.8,2.0,skoda,30262019
327,Cherokee,2017,16995,Automatic,43389,Diesel,50.4,2.2,jeep,30536712
328,RAV4,2017,16500,Manual,43914,Diesel,60.1,2.0,toyota,30536714
329,Leon,2018,12650,Manual,44239,Petrol,54.3,1.4,seat,29935187
330,4 Series,2017,19250,Automatic,44422,Diesel,60.1,2.0,bmw,30342984
331,Captur,2016,9250,Manual,46485,Diesel,78.5,1.5,renault,30465758
332,C-HR,2019,18250,Automatic,46646,Other,72.4,1.8,toyota,30378497
333,A3,2017,14250,Manual,47653,Diesel,67.3,1.6,audi,30536713
334,V40,2017,15250,Automatic,49490,Diesel,67.3,2.0,volvo,30336855
335,C3,2020,12399,Manual,18370,Petrol,51.4,1.2,citroen,30417213
336,3 Series,2018,15949,Manual,69033,Diesel,60.1,2.0,bmw,30572353
337,Q2,2018,14995,Manual,53591,Petrol,55.4,1.0,audi,30195792
338,Qashqai,2015,10250,Manual,56102,Petrol,50.4,1.2,nissan,30445083
339,A6,2016,16995,Automatic,65203,Diesel,61.4,2.0,audi,30421024
340,Tiguan,2018,16995,Automatic,68703,Diesel,57.6,2.0,volkswagen,30336853
341,C3,2017,7995,Manual,68950,Diesel,76.4,1.6,citroen,30195791
342,B Class,2014,7995,Manual,69682,Petrol,47.9,1.6,mercedes-benz,30041778
343,Jazz,2011,4850,Manual,82994,Petrol,50.4,1.3,honda,30567432
344,500X,2016,8995,Manual,46253,Petrol,47.1,1.4,fiat,30576637
345,A1,2017,13995,Manual,63614,Petrol,70.6,1.4,audi,30536710
346,Mazda3,2006,2499,Manual,62600,Petrol,39.2,1.6,mazda,30262166
347,A Class,2019,21549,Semi-Auto,24012,Diesel,56.5,1.9,mercedes-benz,30466700
348,1 Series,2019,20549,Semi-Auto,36406,Diesel,65.7,2.0,bmw,30514585
349,Focus,2016,7499,Manual,65766,Petrol,61.4,1.0,ford,30161119
350,Beetle,2007,2499,Manual,72000,Petrol,36.7,1.6,volkswagen,30443583
351,Fusion,2004,2499,Automatic,73000,Petrol,42.8,1.4,ford,30336928
352,Fabia,2009,2999,Manual,80700,Petrol,47.9,1.2,skoda,30278825
353,C5,2011,2999,Manual,81000,Diesel,56.5,1.6,citroen,30406809
354,Focus,2009,2999,Manual,81530,Petrol,42.2,1.6,ford,30359893
355,C1,2012,2499,Manual,93000,Petrol,65.7,1.0,citroen,30284607
356,Corsa,2011,2999,Manual,94000,Petrol,51.4,1.4,vauxhall,30556548
357,Range Rover,2015,24999,Automatic,102600,Diesel,32.5,4.4,land rover,29883053
358,207,2011,2499,Manual,103000,Diesel,64.2,1.6,peugeot,30399911
359,E-PACE,2019,22299,Automatic,62383,Diesel,47.1,2.0,jaguar,30456401
360,V40,2018,14249,Manual,40783,Petrol,47.9,2.0,volvo,30502646
361,Avensis,2009,4999,Automatic,105000,Diesel,42.8,2.2,toyota,30324157
362,Tigra,2007,1699,Manual,108000,Petrol,46.3,1.4,vauxhall,30497156
363,X5,2003,2999,Automatic,114000,Petrol,None,3.0,bmw,30415300
364,C-MAX,2010,3999,Manual,115000,Diesel,61.4,1.6,ford,30466045
365,308,2009,2999,Manual,116000,Diesel,62.8,1.6,peugeot,30466044
366,CRV,2005,2999,Manual,144000,Diesel,42.2,2.2,honda,30466046
367,C1,2012,2499,Manual,93000,Petrol,65.7,1.0,citroen,30284607
368,1 Series,2020,25499,Semi-Auto,1170,Petrol,40.4,1.5,bmw,30289979
369,Corsa,2021,14849,Manual,2524,Petrol,53.3,1.2,vauxhall,30451751
370,C3,2021,15099,Manual,2979,Petrol,54.3,1.2,citroen,30502692
371,1 Series,2017,15099,Manual,22811,Petrol,52.3,1.5,bmw,30447991
372,Focus,2020,18099,Manual,21567,Petrol,60.1,1.0,ford,30498696
373,Kamiq,2021,22049,Semi-Auto,3102,Petrol,45.6,1.5,skoda,30063539
374,Civic,2019,17349,Manual,3149,Petrol,58.9,1.0,honda,30447773
375,Mirage,2019,11049,Manual,3267,Petrol,57.6,1.2,mitsubishi,30546335
376,A1,2022,20549,Manual,3368,Petrol,49.6,1.0,audi,30498582
377,Captur,2022,21499,Manual,3484,Petrol,48.7,1.3,renault,30447760
378,Golf,2021,23599,Manual,3633,Petrol,49.6,1.5,volkswagen,30267166
379,B Class,2020,22099,Semi-Auto,3677,Diesel,55.4,1.9,mercedes-benz,30447904
380,Sandero,2022,13999,Manual,3841,Petrol,53.3,1.0,dacia,30476910
381,C1,2021,11499,Manual,3938,Petrol,58.9,1.0,citroen,30421757
382,Picanto,2021,13049,Manual,3969,Petrol,52.3,1.0,kia,30490003
383,Hatch,2018,14599,Semi-Auto,40966,Diesel,72.4,1.5,mini,30447988
384,Kuga,2019,15049,Manual,46692,Diesel,45.6,1.5,ford,30582270
385,108,2019,12949,Semi-Auto,4024,Petrol,67.3,1.0,peugeot,30384497
386,Corsa,2021,13549,Manual,4050,Petrol,53.3,1.2,vauxhall,30466756
387,Corsa,2021,15499,Manual,4376,Petrol,53.3,1.2,vauxhall,30417331
388,C1,2020,10449,Manual,4590,Petrol,58.9,1.0,citroen,30373185
389,Polo,2021,18049,Manual,4608,Petrol,53.3,1.0,volkswagen,30325193
390,308,2022,22899,Semi-Auto,4624,Petrol,52.3,1.2,peugeot,30373179
391,Fiesta,2020,18299,Semi-Auto,4626,Petrol,49.6,1.0,ford,30447850
392,Crossland X,2020,14149,Manual,4951,Petrol,47.1,1.2,vauxhall,30417335
393,208,2021,17149,Manual,5084,Petrol,56.5,1.2,peugeot,30407547
394,Zoe,2019,13099,White,Electric,Automatic,5136,,renault,30477011
395,T-Roc,2019,18499,Manual,46797,Petrol,42.2,1.5,volkswagen,30577499
396,C3,2017,12349,Semi-Auto,33925,Petrol,57.7,1.2,citroen,30582257
397,Duster,2020,15549,Manual,5384,Petrol,43.5,1.3,dacia,30514529
398,Viva,2019,9799,Manual,5387,Petrol,46.3,1.0,vauxhall,30502658
399,Panda,2020,12799,Manual,5417,Petrol,50.4,1.0,fiat,30562736
400,C1,2021,10349,Manual,5586,Petrol,58.9,1.0,citroen,30456325
401,Hatch,2020,20049,Red,Electric,Automatic,5803,,mini,30551736
402,Yaris,2020,12499,Manual,5869,Petrol,49.6,1.0,toyota,30421755
403,Twingo,2016,7349,Manual,5885,Petrol,56.5,1.0,renault,30225504
404,Mokka,2021,20049,Manual,5917,Petrol,50.4,1.2,vauxhall,30424929
405,Fabia,2018,11399,Manual,5923,Petrol,57.7,1.0,skoda,30476984
406,108,2021,10599,Manual,5969,Petrol,58.9,1.0,peugeot,30267318
407,Kadjar,2018,10949,Manual,60894,Petrol,42.2,1.3,renault,30572155
408,A4,2019,22799,Semi-Auto,47417,Diesel,49.6,2.0,audi,30367048
409,T-Cross,2019,16799,Manual,6066,Petrol,47.9,1.0,volkswagen,30178669
410,Corsa,2018,9799,Manual,6141,Petrol,54.3,1.4,vauxhall,30107835
411,Grandland X,2020,19199,Automatic,6253,Petrol,42.8,1.2,vauxhall,30348688
412,Ibiza,2018,14199,Manual,6315,Petrol,57.7,1.0,seat,30476886
413,Stonic,2019,13999,Manual,6331,Petrol,47.1,1.0,kia,30132328
414,Mazda2,2021,15299,Manual,6389,Petrol,53.3,1.5,mazda,30178652
415,108,2019,11849,Semi-Auto,6566,Petrol,67.3,1.0,peugeot,30251060
416,Mii,2021,12349,Black,Electric,Automatic,7078,,seat,30519601
417,Octavia,2019,19599,Manual,7097,Diesel,67.3,1.6,skoda,30502638
418,MG3,2021,11499,Manual,7114,Petrol,42.8,1.5,mg,30460779
419,Civic,2017,14199,Manual,40906,Petrol,55.4,1.0,honda,30367143
420,Hatch,2019,15399,Manual,43773,Petrol,48.7,1.5,mini,30485034
421,500,2020,11299,Manual,7178,Petrol,53.3,1.0,fiat,30421743
422,C1,2018,8699,Manual,7194,Petrol,68.9,1.0,citroen,30281207
423,Stonic,2022,16349,Manual,7211,Petrol,51.4,1.0,kia,30438153
424,Crossland X,2020,14799,Manual,7248,Petrol,47.1,1.2,vauxhall,30502730
425,Picanto,2018,13899,Automatic,7347,Petrol,47.9,1.2,kia,30407489
426,Hatch,2020,21799,Semi-Auto,7394,Petrol,42.2,2.0,mini,30240329
427,Corsa,2020,16249,Manual,7428,Petrol,52.3,1.2,vauxhall,30519545
428,GLA Class,2021,31049,Semi-Auto,7528,Diesel,49.6,1.9,mercedes-benz,30347378
429,Hatch,2021,24999,Semi-Auto,7533,Petrol,47.9,2.0,mini,30348886
430,Clio,2022,19799,Automatic,7568,Hybrid,64.2,1.6,renault,30551729
431,Golf,2017,21799,Semi-Auto,26961,Petrol,39.8,2.0,volkswagen,30107743
432,T-Roc,2018,19949,Manual,23945,Petrol,42.2,1.5,volkswagen,30289984
433,CLA Class,2021,31049,Semi-Auto,7590,Diesel,55.4,1.9,mercedes-benz,30460848
434,Polo,2020,16749,Manual,7640,Petrol,50.4,1.0,volkswagen,30484981
435,Aygo,2020,10549,Manual,7666,Petrol,56.5,1.0,toyota,30485012
436,Fiesta,2019,16399,Manual,7678,Diesel,62.8,1.5,ford,30289914
437,MX-30,2021,17799,Grey,Electric,Automatic,7772,,mazda,30490099
438,Aygo,2021,14699,Semi-Auto,7821,Petrol,56.5,1.0,toyota,30337848
439,C3,2020,12749,Manual,7853,Petrol,54.3,1.2,citroen,30272426
440,500,2019,10499,Manual,7861,Petrol,55.4,1.2,fiat,30546289
441,Polo,2019,15299,Manual,7867,Petrol,52.3,1.0,volkswagen,30424987
442,Viva,2018,8549,Manual,7878,Petrol,46.3,1.0,vauxhall,30281356
443,Golf,2018,15299,Manual,40576,Petrol,45.6,1.5,volkswagen,30272326
444,Juke,2017,11399,Manual,64609,Petrol,39.2,1.6,nissan,30484992
445,Fabia,2022,13899,Manual,7919,Petrol,55.4,1.0,skoda,30367134
446,Polo,2020,16849,Manual,8094,Petrol,50.4,1.0,volkswagen,30502628
447,Corsa,2020,14199,Manual,8118,Petrol,52.3,1.2,vauxhall,30178505
448,Ceed,2022,21049,Manual,8118,Petrol,49.6,1.5,kia,30546354
449,EcoSport,2021,16799,Manual,8163,Petrol,47.1,1.0,ford,30233590
450,2 Series,2019,20349,Semi-Auto,8177,Diesel,None,2.0,bmw,30267208
451,Captur,2018,12049,Manual,8193,Petrol,52.3,0.9,renault,30507575
452,Kamiq,2020,20099,Semi-Auto,8212,Petrol,45.6,1.0,skoda,30531404
453,C3,2021,14549,Manual,8232,Petrol,54.3,1.2,citroen,30546327
454,208,2018,14049,Semi-Auto,8273,Petrol,55.4,1.2,peugeot,30466632
455,Fabia,2019,13349,Manual,16462,Petrol,51.4,1.0,skoda,30531279
456,Aygo,2017,8599,Manual,23708,Petrol,68.9,1.0,toyota,30348695
457,Picanto,2020,14049,Manual,8341,Petrol,48.7,1.2,kia,30531257
458,Clio,2020,18049,Semi-Auto,8372,Petrol,45.6,1.3,renault,30490102
459,Xceed,2020,18049,Manual,8452,Petrol,44.1,1.0,kia,30384604
460,Up,2018,11299,Manual,8541,Petrol,52.3,1.0,volkswagen,30308219
461,EcoSport,2019,18349,Semi-Auto,8580,Petrol,44.1,1.0,ford,30490001
462,A1,2018,17299,Semi-Auto,8608,Petrol,56.5,1.4,audi,30519563
463,Mazda2,2019,14299,Automatic,8646,Petrol,47.9,1.5,mazda,29950376
464,Corolla,2020,19299,Automatic,8660,Hybrid,62.8,1.8,toyota,30456326
465,Astra,2020,14949,Manual,8684,Petrol,54.3,1.2,vauxhall,30250961
466,EcoSport,2019,15699,Manual,8690,Petrol,51.4,1.0,ford,30392933
467,Tucson,2017,12499,Manual,29741,Petrol,44.8,1.6,hyundai,29916151
468,Tucson,2017,13849,Manual,38617,Petrol,44.8,1.6,hyundai,30531328
469,EcoSport,2021,16799,Manual,8163,Petrol,47.1,1.0,ford,30233590
470,2 Series,2019,20349,Semi-Auto,8177,Diesel,None,2.0,bmw,30267208
471,Captur,2018,12049,Manual,8193,Petrol,52.3,0.9,renault,30507575
472,Kamiq,2020,20099,Semi-Auto,8212,Petrol,45.6,1.0,skoda,30531404
473,C3,2021,14549,Manual,8232,Petrol,54.3,1.2,citroen,30546327
474,208,2018,14049,Semi-Auto,8273,Petrol,55.4,1.2,peugeot,30466632
475,C1,2021,11299,Manual,8277,Petrol,58.9,1.0,citroen,30498430
476,Picanto,2020,14049,Manual,8341,Petrol,48.7,1.2,kia,30531257
477,C Class,2020,25049,Manual,8364,Petrol,2.8,1.6,mercedes-benz,30095384
478,Clio,2020,18049,Semi-Auto,8372,Petrol,45.6,1.3,renault,30490102
479,Octavia,2016,11249,Manual,47735,Diesel,None,2.0,skoda,30208453
480,Clio,2017,10449,Manual,22322,Petrol,60.1,0.9,renault,30290036
481,Stonic,2021,16299,Manual,9146,Petrol,51.4,1.0,kia,30354454
482,Ibiza,2021,16549,Manual,9165,Petrol,51.4,1.0,seat,30490170
483,Aygo,2019,10849,Manual,9237,Petrol,57.7,1.0,toyota,30417339
484,500,2018,13399,Semi-Auto,9254,Petrol,48.7,1.2,fiat,30502704
485,Corsa,2020,14399,Manual,9281,Petrol,52.3,1.2,vauxhall,30417099
486,T-Cross,2020,22199,Automatic,9355,Petrol,43.5,1.0,volkswagen,30360640
487,Hatch,2020,18549,Semi-Auto,9370,Petrol,47.9,1.5,mini,30354524
488,Forfour,2020,11299,Black,Electric,Automatic,9376,,smart,30272339
489,Zoe,2021,14049,White,Electric,Automatic,9424,,renault,30447952
490,Fiesta,2020,13599,Manual,9435,Petrol,55.4,1.0,ford,30348565
491,T-Roc,2018,18949,Manual,43527,Diesel,56.5,2.0,volkswagen,30312267
492,Corsa,2017,9349,Manual,12212,Petrol,54.3,1.4,vauxhall,30451804
493,Duster,2020,15049,Manual,9447,Petrol,41.5,1.3,dacia,30507609
494,C1,2020,9899,Manual,9490,Petrol,58.9,1.0,citroen,30299686
495,Fortwo,2021,12849,Black,Electric,Automatic,9495,,smart,30308192
496,Aygo,2020,10049,Manual,9533,Petrol,56.5,1.0,toyota,30451794
497,Juke,2017,14249,Automatic,9547,Petrol,45,1.6,nissan,30562764
498,Leon,2021,28999,Semi-Auto,9552,Petrol,37.2,2.0,cupra,30132610
499,Leaf,2021,16799,Black,Electric,Automatic,9565,,nissan,30546276
500,Duster,2021,14499,Manual,9593,Petrol,41.5,1.0,dacia,30429240
501,T-Roc,2021,27049,Semi-Auto,9602,Petrol,40.4,1.5,volkswagen,30132511
502,Corsa,2019,11199,Manual,9721,Petrol,43.5,1.4,vauxhall,30502721
503,Swift,2020,12499,Manual,7993,Petrol,56.5,1.2,suzuki,30572174
504,Corsa,2018,9999,Manual,16815,Petrol,43.5,1.4,vauxhall,30384668
505,Fortwo,2016,10049,Automatic,9003,Petrol,68.9,1.0,smart,30577475
506,1 Series,2022,34549,Semi-Auto,9019,Petrol,34.5,2.0,bmw,30476836
507,Sandero Stepway,2020,9749,Manual,9040,Petrol,55.4,0.9,dacia,30103683
508,Grandland X,2019,15349,Manual,9073,Diesel,55.4,1.5,vauxhall,30107800
509,EcoSport,2020,16499,Manual,9077,Petrol,51.4,1.0,ford,30477070
510,Mokka Electric,2021,18049,Black,Electric,Automatic,9078,,vauxhall,30572104
511,A Class,2019,20249,Semi-Auto,9115,Diesel,68.9,1.5,mercedes-benz,30460819
512,Micra,2020,13049,Manual,9124,Petrol,47.9,1.0,nissan,30572308
513,Duster,2021,15349,Manual,9145,OTHER,44.1,1.0,dacia,30219212
514,Stonic,2021,16299,Manual,9146,Petrol,51.4,1.0,kia,30354454
515,Civic,2017,14199,Manual,40906,Petrol,55.4,1.0,honda,30367143
516,A3,2020,21049,Manual,49765,Petrol,45.6,1.5,audi,30531455
517,Ignis,2019,12549,Manual,9935,Petrol,65.6,1.2,suzuki,30250986
518,Aygo,2020,11899,Manual,9940,Petrol,56.5,1.0,toyota,30401184
519,3 Series,2018,21399,Semi-Auto,9952,Diesel,64.2,2.0,bmw,30251067
520,T-Cross,2021,20799,Manual,9955,Petrol,43.5,1.0,volkswagen,30417329
521,ZS,2021,16499,Manual,9974,Petrol,42.8,1.5,mg,30299776
522,Rio,2019,10999,Manual,10005,Petrol,46.3,1.2,kia,30557568
523,Mazda2,2021,15499,Manual,10046,Petrol,53.3,1.5,mazda,30251103
524,Picanto,2020,12849,Manual,10071,Petrol,48.7,1.2,kia,30480242
525,Polo,2019,15049,Manual,10083,Petrol,52.3,1.0,volkswagen,30562724
526,Crossland X,2019,13049,Manual,10094,Petrol,44.8,1.2,vauxhall,30480211
527,E Class,2018,28799,Semi-Auto,11044,Diesel,57.7,1.9,mercedes-benz,30407469
528,X3,2017,20899,Semi-Auto,64467,Diesel,54.3,2.0,bmw,30490154
529,Arona,2020,16349,Semi-Auto,9433,Petrol,47.1,1.0,seat,30572208
530,Fiesta,2020,13599,Manual,9435,Petrol,55.4,1.0,ford,30348565
531,Duster,2020,15049,Manual,9447,Petrol,41.5,1.3,dacia,30507609
532,C1,2020,9899,Manual,9490,Petrol,58.9,1.0,citroen,30299686
533,Fortwo,2021,12849,Black,Electric,Automatic,9495,,smart,30308192
534,Adam,2019,11449,Manual,9509,Petrol,44.8,1.2,vauxhall,30466634
535,Aygo,2020,10049,Manual,9533,Petrol,56.5,1.0,toyota,30451794
536,Juke,2017,14249,Automatic,9547,Petrol,45,1.6,nissan,30562764
537,Leon,2021,28999,Semi-Auto,9552,Petrol,37.2,2.0,cupra,30132610
538,Leaf,2021,16799,Black,Electric,Automatic,9565,,nissan,30546276
539,Mokka X,2019,12749,Manual,32475,Petrol,39.2,1.4,vauxhall,30384712
540,Fiesta,2018,10849,Manual,22826,Petrol,55.4,1.1,ford,30417254
541,Duster,2021,14499,Manual,9593,Petrol,41.5,1.0,dacia,30429240
542,T-Roc,2021,27049,Semi-Auto,9602,Petrol,40.4,1.5,volkswagen,30132511
543,Corsa,2019,11199,Manual,9721,Petrol,43.5,1.4,vauxhall,30502721
544,Clio,2018,11099,Manual,9734,Petrol,50.4,1.1,renault,30337853
545,C1,2020,10799,Manual,9756,Petrol,58.9,1.0,citroen,30572240
546,Jazz,2017,11399,Manual,9759,Petrol,56.5,1.3,honda,30557595
547,C1,2021,9899,Manual,9783,Petrol,58.9,1.0,citroen,30384501
548,Vitara,2019,14549,Manual,9784,Petrol,44.1,1.0,suzuki,30476884
549,C3,2020,12849,Manual,9810,Petrol,54.3,1.2,citroen,30531444
550,Citigo,2019,10049,Manual,9814,Petrol,67.3,1.0,skoda,30477099
551,Passat,2019,15049,Manual,61439,Diesel,51.4,2.0,volkswagen,30531326
552,Hatch,2020,18299,Semi-Auto,59823,Petrol,44.8,2.0,mini,30531287
553,108,2019,9399,Manual,10548,Petrol,68.9,1.0,peugeot,30308333
554,Corsa,2020,14999,Manual,10606,Petrol,52.3,1.2,vauxhall,30250974
555,T-Cross,2022,22049,Automatic,10632,Petrol,45.6,1.0,volkswagen,30519607
556,Fiesta,2020,14999,Manual,10682,Petrol,51.4,1.0,ford,30155447
557,Corsa,2017,9849,Manual,10711,Petrol,55.4,1.4,vauxhall,30519532
558,Leon,2019,16349,Manual,10781,Petrol,49.6,1.5,seat,30498693
559,Corsa,2019,10849,Manual,10787,Petrol,43.5,1.4,vauxhall,30456385
560,Sandero Stepway,2021,15249,Manual,10824,Petrol,50.4,1.0,dacia,30498462
561,A1,2020,21899,Semi-Auto,10871,Petrol,44.1,1.0,audi,30490006
562,Aygo,2020,10699,Manual,10876,Petrol,57.7,1.0,toyota,30417135
563,1 Series,2019,19299,Manual,23824,Petrol,None,1.5,bmw,30208511
564,Viva,2018,8549,Manual,7878,Petrol,46.3,1.0,vauxhall,30281356
565,Mazda2,2022,16249,Manual,10892,Petrol,60.1,1.5,mazda,30417391
566,Fiesta,2021,15549,Manual,10911,Petrol,54.3,1.0,ford,30438133
567,Range Rover Evoque,2020,26749,Manual,10929,Diesel,44.8,2.0,land rover,30490123
568,Arona,2020,15849,Semi-Auto,10930,Petrol,56.5,1.0,seat,30384440
569,Swift,2021,11999,Manual,10947,Petrol,57.7,1.2,suzuki,30161910
570,C3,2020,13049,Manual,10953,Petrol,51.4,1.2,citroen,30476901
571,1 Series,2020,22199,Manual,10964,Petrol,41.5,1.5,bmw,30161978
572,ZS,2022,18649,Manual,10976,Petrol,42.8,1.5,mg,30498659
573,Yaris,2016,12599,Automatic,10979,Petrol,55,1.3,toyota,30299736
574,1 Series,2021,20049,Manual,10996,Diesel,58.9,1.5,bmw,30155455
575,Leon,2017,13999,Semi-Auto,19877,Petrol,57.7,1.4,seat,30476924
576,Captur,2018,11099,Manual,52558,Diesel,76.4,1.5,renault,30476870
577,C1,2019,8799,Manual,10170,Petrol,None,1.0,citroen,30208568
578,Puma,2021,19049,Manual,10180,Petrol,51.4,1.0,ford,30354625
579,e-208,2020,17599,Yellow,Electric,Automatic,10203,,peugeot,30572094
580,Corsa,2021,14749,Manual,10207,Petrol,53.3,1.2,vauxhall,30308038
581,Ibiza,2019,16899,Manual,10207,Petrol,55.4,1.0,seat,30507557
582,Arona,2022,20499,Semi-Auto,10216,Petrol,46.3,1.0,seat,30466640
583,Puma,2020,17749,Manual,10232,Petrol,51.4,1.0,ford,30132306
584,C3,2019,12749,Manual,10247,Petrol,51.4,1.2,citroen,30367118
585,T-Cross,2020,19349,Manual,10317,Petrol,47.9,1.0,volkswagen,30484643
586,Polo,2018,14049,Manual,10435,Petrol,64.2,1.0,volkswagen,30392938
587,Insignia,2019,10549,Manual,57970,Diesel,57.7,1.6,vauxhall,30582233
588,Cooper S,2017,15849,Manual,49272,Petrol,47.1,2.0,mini,30582305
589,Aygo,2020,9549,Manual,11201,Petrol,56.5,1.0,toyota,30531513
590,Yeti Outdoor,2017,20049,Semi-Auto,11224,Petrol,51.4,1.2,skoda,30519534
591,HRV,2019,17399,Manual,11245,Petrol,42.2,1.5,honda,30225548
592,Aygo,2020,9599,Manual,11273,Petrol,56.5,1.0,toyota,30281158
593,Hatch,2021,17899,Semi-Auto,11295,Petrol,51.4,1.5,mini,30417220
594,Corsa,2020,13549,Manual,11365,Petrol,52.3,1.2,vauxhall,30546365
595,i10,2020,14299,Semi-Auto,11372,Petrol,52.3,1.2,hyundai,30438192
596,GLA Class,2018,23549,Semi-Auto,11414,Petrol,48.7,1.6,mercedes-benz,30477019
597,Polo,2017,11899,Manual,11430,Petrol,60.1,1.0,volkswagen,30384614
598,Xceed,2020,15549,Manual,11469,Petrol,45.6,1.0,kia,30476930
599,Fabia,2019,10799,Manual,30039,Petrol,57.7,1.0,skoda,30233540
600,Polo,2019,18599,Semi-Auto,18136,Petrol,39.8,2.0,volkswagen,30337849
601,A Class,2018,21199,Semi-Auto,10543,Diesel,67.3,1.5,mercedes-benz,30456402
602,108,2019,9399,Manual,10548,Petrol,68.9,1.0,peugeot,30308333
603,Corsa,2020,14999,Manual,10606,Petrol,52.3,1.2,vauxhall,30250974
604,T-Cross,2022,22049,Automatic,10632,Petrol,45.6,1.0,volkswagen,30519607
605,Fiesta,2020,14999,Manual,10682,Petrol,51.4,1.0,ford,30155447
606,Corsa,2017,9849,Manual,10711,Petrol,55.4,1.4,vauxhall,30519532
607,Leon,2019,16349,Manual,10781,Petrol,49.6,1.5,seat,30498693
608,Corsa,2019,10849,Manual,10787,Petrol,43.5,1.4,vauxhall,30456385
609,Aygo,2019,10849,Manual,10807,Petrol,57.7,1.0,toyota,30572218
610,Sandero Stepway,2021,15249,Manual,10824,Petrol,50.4,1.0,dacia,30498462
611,108,2018,8599,Manual,15611,Petrol,68.9,1.0,peugeot,30281080
612,T-Cross,2020,18549,Manual,16933,Petrol,47.9,1.0,volkswagen,30424990
613,A1,2020,21899,Semi-Auto,10871,Petrol,44.1,1.0,audi,30490006
614,Aygo,2020,10699,Manual,10876,Petrol,57.7,1.0,toyota,30417135
615,Mazda2,2022,16249,Manual,10892,Petrol,60.1,1.5,mazda,30417391
616,Fiesta,2021,15549,Manual,10911,Petrol,54.3,1.0,ford,30438133
617,Range Rover Evoque,2020,26749,Manual,10929,Diesel,44.8,2.0,land rover,30490123
618,Arona,2020,15849,Semi-Auto,10930,Petrol,56.5,1.0,seat,30384440
619,Swift,2021,11999,Manual,10947,Petrol,57.7,1.2,suzuki,30161910
620,C1,2017,10999,Semi-Auto,10952,Petrol,67.3,1.0,citroen,30572038
621,C3,2020,13049,Manual,10953,Petrol,51.4,1.2,citroen,30476901
622,1 Series,2020,22199,Manual,10964,Petrol,41.5,1.5,bmw,30161978
623,Fiesta,2017,9449,Manual,32956,Petrol,54.3,1.2,ford,30417408
624,i10,2017,7599,Manual,47950,Petrol,60.1,1.0,hyundai,30476999
625,ZS,2022,18649,Manual,10976,Petrol,42.8,1.5,mg,30498659
626,Yaris,2016,12599,Automatic,10979,Petrol,55,1.3,toyota,30299736
627,1 Series,2021,20049,Manual,10996,Diesel,58.9,1.5,bmw,30155455
628,A Class,2019,20349,Manual,11038,Petrol,28.5,1.3,mercedes-benz,30337831
629,E Class,2018,28799,Semi-Auto,11044,Diesel,57.7,1.9,mercedes-benz,30407469
630,Corsa,2020,13799,Manual,11046,Petrol,52.3,1.2,vauxhall,30267172
631,Mirage,2019,10549,Manual,11062,Petrol,57.6,1.2,mitsubishi,30498506
632,Fiesta,2020,14699,Manual,11106,Petrol,54.3,1.0,ford,30572370
633,Hatch,2020,16149,Manual,11116,Petrol,47.9,1.5,mini,30429233
634,Rio,2021,11999,Manual,11118,Petrol,None,1.2,kia,30208631
635,595,2018,11049,Manual,46556,Petrol,39.2,1.4,abarth,30502684
636,208,2017,8599,Manual,19949,Petrol,62.8,1.2,peugeot,30155452
637,Stonic,2021,19049,Manual,12021,Petrol,50.4,1.0,kia,30546278
638,Hatch,2020,17149,Manual,12035,Petrol,47.9,1.5,mini,30484952
639,Micra,2016,10999,Automatic,12038,Petrol,52.3,1.2,nissan,30438144
640,Mii,2019,9599,Manual,12060,Petrol,55.4,1.0,seat,30546293
641,Stonic,2019,14199,Manual,12061,Petrol,45.6,1.4,kia,30477095
642,Kuga,2019,18799,Manual,12065,Petrol,39.2,1.5,ford,30360662
643,Focus,2020,19499,Manual,12076,Diesel,74.3,1.5,ford,30373280
644,Ibiza,2019,16049,Manual,12098,Petrol,53.3,1.0,seat,30466784
645,500X,2022,19499,Semi-Auto,12121,Petrol,38.7,1.3,fiat,30477116
646,Hatch,2020,17499,Manual,12128,Petrol,43.5,2.0,mini,30551719
647,Aygo,2019,8649,Manual,54650,Petrol,56.5,1.0,toyota,30546269
648,Fabia,2018,11049,Manual,29561,Petrol,61.4,1.0,skoda,30498627
649,Arona,2020,16499,Manual,12137,Petrol,49.6,1.0,seat,30451815
650,208,2018,11549,Manual,12158,Petrol,58.9,1.2,peugeot,30514567
651,Clio,2018,11399,Manual,12166,Petrol,47.1,0.9,renault,30476925
652,2008,2019,14149,Manual,12191,Petrol,51.4,1.2,peugeot,30251041
653,CLA Class,2019,19899,Manual,12220,Petrol,51.4,1.6,mercedes-benz,30337900
654,Venga,2016,8849,Manual,12240,Petrol,50.4,1.4,kia,30367161
655,Other,2019,10049,Manual,12248,Petrol,58.9,1.0,peugeot,30348718
656,MX-5,2019,17599,Manual,12275,Petrol,44.8,1.5,mazda,30476882
657,C4 Cactus,2020,15049,Semi-Auto,12288,Petrol,47.1,1.2,citroen,30308081
658,Fiesta,2021,16249,Manual,12290,Petrol,54.3,1.0,ford,30240336
659,Fiesta,2019,12499,Manual,20395,Petrol,56.5,1.0,ford,30251099
660,Ateca,2019,18649,Manual,19661,Petrol,43.5,1.5,seat,30251298
661,Mirage,2018,9499,Manual,12297,Petrol,60.1,1.2,mitsubishi,30466679
662,MX-5,2020,21799,Manual,12322,Petrol,40.9,2.0,mazda,30417314
663,Puma,2020,20549,Manual,12328,Petrol,49.6,1.0,ford,30261017
664,i20,2021,14899,Manual,12329,Petrol,53.3,1.0,hyundai,30429184
665,208,2016,10399,Manual,12330,Petrol,65.7,1.2,peugeot,30484978
666,Polo,2017,12299,Manual,12343,Petrol,58.9,1.0,volkswagen,30438200
667,Duster,2021,15849,Manual,12402,Petrol,45.6,1.0,dacia,30476747
668,Juke,2020,20049,Semi-Auto,12405,Petrol,44.8,1.0,nissan,30424975
669,Aygo,2019,10149,Manual,12435,Petrol,56.5,1.0,toyota,30531507
670,Yaris,2017,10549,Manual,12437,Petrol,58,1.3,toyota,30255961
671,Qashqai,2019,17899,Manual,25683,Petrol,39.8,1.3,nissan,30582249
672,Picanto,2018,10049,Manual,24044,Petrol,61.4,1.2,kia,30042378
673,A1,2018,13399,Manual,12464,Petrol,67.3,1.0,audi,30447875
674,C1,2019,9599,Manual,12471,Petrol,58.9,1.0,citroen,30281483
675,Vitara,2018,14399,Manual,12490,Petrol,53.3,1.6,suzuki,30484960
676,Duster,2018,15349,Manual,12493,Petrol,40.4,1.6,dacia,30551760
677,Kadjar,2020,15199,Manual,12530,Petrol,42.16,1.3,renault,30417240
678,T-Cross,2020,18049,Manual,12532,Petrol,47.9,1.0,volkswagen,30456347
679,500,2018,9649,Manual,12542,Petrol,55.4,1.2,fiat,30466629
680,Mazda3,2020,21549,Automatic,12551,Petrol,45.6,2.0,mazda,30498653
681,C3,2019,12049,Manual,12559,Petrol,51.4,1.2,citroen,30456337
682,DS 3 Crossback,2021,18699,Semi-Auto,12591,Petrol,47.1,1.2,ds,30557484
683,E-PACE,2018,21499,Automatic,20707,Diesel,50.4,2.0,jaguar,30233520
684,XE,2019,17999,Automatic,59627,Diesel,50.4,2.0,jaguar,30113676
685,2 Series,2018,19349,Semi-Auto,12609,Diesel,51.4,2.0,bmw,30392913
686,Ibiza,2019,16049,Manual,12622,Petrol,51.4,1.0,seat,30424994
687,A Class,2019,24499,Semi-Auto,12634,Diesel,56.5,1.9,mercedes-benz,30498520
688,Aygo,2018,10699,Manual,12636,Petrol,56.5,1.0,toyota,30514545
689,Fortwo,2018,10149,Automatic,12638,Petrol,68.9,1.0,smart,30438120
690,e-208,2021,17449,Grey,Electric,Automatic,12662,,peugeot,30560598
691,Aygo,2019,9349,Manual,12663,Petrol,56.5,1.0,toyota,30417363
692,MX-5,2016,16199,Manual,12679,Petrol,47.1,1.5,mazda,30480259
693,Tiguan,2019,20499,Manual,12691,Petrol,40.9,1.5,volkswagen,30325176
694,Leon,2021,16249,Manual,12692,Petrol,51.4,1.0,seat,30466637
695,Ateca,2019,19699,Manual,29437,Petrol,43.5,1.5,seat,30447900
696,Range Rover Evoque,2020,29049,Automatic,43702,Diesel,41.5,2.0,land rover,30429264
697,Aygo,2020,12299,Semi-Auto,12711,Petrol,56.5,1.0,toyota,30281068
698,Stonic,2019,14549,Manual,12720,Petrol,45.6,1.4,kia,30514581
699,Polo,2021,19249,Semi-Auto,12721,Petrol,46.3,1.0,volkswagen,30502727
700,Focus,2019,15549,Manual,12732,Petrol,58.9,1.0,ford,30240344
701,A Class,2020,23299,Semi-Auto,12745,Diesel,67.3,1.5,mercedes-benz,30348568
702,Stonic,2021,16049,Manual,12774,Petrol,49.6,1.0,kia,30507621
703,Polo,2020,14999,Manual,12788,Petrol,52.3,1.0,volkswagen,30281423
704,Clio,2019,12249,Manual,12806,Petrol,47.1,0.9,renault,30551692
705,500,2020,11499,Manual,12809,Petrol,53.3,1.0,fiat,30429288
706,Hatch,2019,15399,Manual,12809,Petrol,48.7,1.5,mini,30531373
707,C3,2020,12449,Manual,17654,Petrol,51.4,1.2,citroen,30466683
708,A Class,2019,19549,Manual,22617,Petrol,28.5,1.3,mercedes-benz,30289981
709,Leon,2019,15899,Manual,12821,Petrol,52.3,1.5,seat,30250937
710,Golf,2020,20049,Manual,12841,Petrol,49.6,1.5,volkswagen,30354453
711,C Class,2020,23299,Manual,12850,Petrol,47.1,1.6,mercedes-benz,30348816
712,Xceed,2020,15099,Manual,12852,Petrol,45.6,1.0,kia,30240222
713,Captur,2019,11599,Manual,12877,Petrol,52.3,0.9,renault,30250899
714,500,2021,11999,Manual,12879,Petrol,53.3,1.0,fiat,30498669
715,C1,2021,11049,Manual,12942,Petrol,58.9,1.0,citroen,30484897
716,E-PACE,2019,29849,Automatic,12969,Diesel,39.2,2.0,jaguar,30438199
717,C3,2020,12949,Manual,12973,Petrol,51.4,1.2,citroen,30447951
718,Arona,2021,17649,Semi-Auto,13023,Petrol,47.9,1.0,seat,30557579
719,Aygo,2016,7049,Manual,42635,Petrol,69,1.0,toyota,30178520
720,Qashqai,2017,15049,Manual,43887,Petrol,50.4,1.2,nissan,30429239
721,Clio,2018,11399,Manual,12166,Petrol,47.1,0.9,renault,30476925
722,Focus,2019,15849,Manual,12183,Petrol,None,1.0,ford,30208788
723,2008,2019,14149,Manual,12191,Petrol,51.4,1.2,peugeot,30251041
724,Corsa,2017,9349,Manual,12212,Petrol,54.3,1.4,vauxhall,30451804
725,CLA Class,2019,19899,Manual,12220,Petrol,51.4,1.6,mercedes-benz,30337900
726,C5 Aircross,2021,20199,Semi-Auto,12221,Diesel,58.9,1.5,citroen,30572336
727,Venga,2016,8849,Manual,12240,Petrol,50.4,1.4,kia,30367161
728,Other,2019,10049,Manual,12248,Petrol,58.9,1.0,peugeot,30348718
729,MX-5,2019,17599,Manual,12275,Petrol,44.8,1.5,mazda,30476882
730,C4 Cactus,2020,15049,Semi-Auto,12288,Petrol,47.1,1.2,citroen,30308081
731,i20,2021,14899,Manual,12329,Petrol,53.3,1.0,hyundai,30429184
732,C1,2017,7499,Manual,36078,Petrol,65.7,1.2,citroen,30514507
733,Polo,2018,14449,Manual,13178,Petrol,64.2,1.0,volkswagen,30466745
734,Mokka X,2019,15949,Semi-Auto,13178,Petrol,37.2,1.4,vauxhall,30161786
735,208,2021,17749,Manual,13193,Petrol,56.5,1.2,peugeot,30251125
736,Aygo,2021,11349,Manual,13233,Petrol,57.7,1.0,toyota,30401239
737,Rio,2019,10499,Manual,13243,Petrol,46.3,1.2,kia,30250914
738,308,2018,15049,Manual,13246,Petrol,58.9,1.2,peugeot,30476868
739,Fabia,2021,16449,Semi-Auto,13261,Petrol,47.9,1.0,skoda,30267272
740,Up,2018,9699,Manual,13268,Petrol,64.2,1.0,volkswagen,30373372
741,Aygo,2020,10599,Manual,13298,Petrol,57.7,1.0,toyota,30360642
742,Swift,2020,11349,Manual,13310,Petrol,56.5,1.2,suzuki,30417090
743,C3,2019,10199,Manual,51687,Petrol,51.4,1.2,citroen,30546344
744,X3,2016,19799,Semi-Auto,44103,Diesel,54.3,2.0,bmw,30317223
745,Juke,2020,20049,Semi-Auto,12405,Petrol,44.8,1.0,nissan,30424975
746,Aygo,2019,10149,Manual,12435,Petrol,56.5,1.0,toyota,30531507
747,Yaris,2017,10549,Manual,12437,Petrol,58,1.3,toyota,30255961
748,Corsa,2021,13899,Manual,12442,Petrol,52.3,1.2,vauxhall,30480288
749,Tiguan,2019,21589,Manual,12443,Petrol,38.2,1.5,volkswagen,30577538
750,A1,2018,13399,Manual,12464,Petrol,67.3,1.0,audi,30447875
751,C1,2019,9599,Manual,12471,Petrol,58.9,1.0,citroen,30281483
752,Vitara,2018,14399,Manual,12490,Petrol,53.3,1.6,suzuki,30484960
753,Duster,2018,15349,Manual,12493,Petrol,40.4,1.6,dacia,30551760
754,Kadjar,2020,15199,Manual,12530,Petrol,42.16,1.3,renault,30417240
755,i30,2017,10349,Manual,59650,Petrol,56.5,1.0,hyundai,30572097
756,595,2018,12599,Manual,17034,Petrol,47.1,1.4,abarth,30557554
757,T-Cross,2020,18049,Manual,12532,Petrol,47.9,1.0,volkswagen,30456347
758,Crossland X,2020,12199,Manual,12540,Petrol,47.1,1.2,vauxhall,30384612
759,500,2018,9649,Manual,12542,Petrol,55.4,1.2,fiat,30466629
760,Mazda3,2020,21549,Automatic,12551,Petrol,45.6,2.0,mazda,30498653
761,C3,2019,12049,Manual,12559,Petrol,51.4,1.2,citroen,30456337
762,DS 3 Crossback,2021,18699,Semi-Auto,12591,Petrol,47.1,1.2,ds,30557484
763,2 Series,2018,19349,Semi-Auto,12609,Diesel,51.4,2.0,bmw,30392913
764,Ibiza,2019,16049,Manual,12622,Petrol,51.4,1.0,seat,30424994
765,A Class,2019,24499,Semi-Auto,12634,Diesel,56.5,1.9,mercedes-benz,30498520
766,Aygo,2018,10699,Manual,12636,Petrol,56.5,1.0,toyota,30514545
767,X1,2018,17799,Manual,13616,Diesel,60.1,2.0,bmw,30240300
768,Grandland X,2018,13899,Manual,29176,Petrol,55.4,1.2,vauxhall,30325290
769,Ka+,2019,10499,Manual,13591,Petrol,48.7,1.2,ford,30557567
770,Qashqai,2019,16649,Manual,13591,Petrol,41.5,1.3,nissan,30498676
771,Aygo,2017,12649,Semi-Auto,13592,Petrol,67.3,1.0,toyota,30562725
772,Range Rover Evoque,2019,31699,Automatic,13592,Diesel,41.5,2.0,land rover,30367111
773,X1,2018,17799,Manual,13616,Diesel,60.1,2.0,bmw,30240300
774,Stonic,2021,16449,Manual,13629,Petrol,49.6,1.0,kia,30519647
775,C3,2020,13299,Manual,13639,Petrol,51.4,1.2,citroen,30502675
776,Polo,2015,12399,Manual,13661,Petrol,60.1,1.2,volkswagen,30325307
777,Fiesta,2020,14349,Manual,13664,Petrol,54.3,1.0,ford,30546285
778,Sandero Stepway,2022,16799,Automatic,13685,Petrol,45.6,1.0,dacia,30484644
779,CX-5,2019,19849,Manual,40199,Petrol,38.2,2.0,mazda,30531370
780,T-Cross,2020,14849,Manual,56769,Petrol,48.7,1.0,volkswagen,30551666
781,Octavia,2020,17549,Manual,13707,Petrol,54.3,1.0,skoda,30480195
782,i10,2020,12799,Manual,13813,Petrol,55.4,1.2,hyundai,30447971
783,Polo,2021,16699,Manual,13852,Petrol,51.4,1.0,volkswagen,30407476
784,Polo,2020,15199,Manual,13855,Petrol,51.4,1.0,volkswagen,30337803
785,Polo,2018,15699,Manual,13885,Petrol,60.1,1.0,volkswagen,30272244
786,Aygo,2021,12049,Manual,13894,Petrol,57.7,1.0,toyota,30498611
787,Viva,2015,7599,Manual,13900,Petrol,62.8,1.0,vauxhall,30337887
788,Captur,2018,11099,Manual,13944,Petrol,52.3,0.9,renault,30417231
789,Hatch,2021,17049,Manual,13954,Petrol,51.4,1.5,mini,30484968
790,Hatch,2020,16849,Manual,13967,Petrol,47.9,1.5,mini,30490068
791,GLA Class,2019,20799,Semi-Auto,24787,Petrol,44.8,1.6,mercedes-benz,30447887
792,Hatch,2019,18149,Semi-Auto,19299,Petrol,44.8,1.5,mini,30407526
793,Fortwo,2019,9299,Manual,12848,Petrol,68.9,1.0,smart,30572000
794,C Class,2020,23299,Manual,12850,Petrol,47.1,1.6,mercedes-benz,30348816
795,Xceed,2020,15099,Manual,12852,Petrol,45.6,1.0,kia,30240222
796,Koleos,2020,24499,Automatic,12855,Diesel,41.5,2.0,renault,30572016
797,Ceed,2016,13549,Manual,12874,Diesel,72.4,1.6,kia,30577477
798,Captur,2019,11599,Manual,12877,Petrol,52.3,0.9,renault,30250899
799,500,2021,11999,Manual,12879,Petrol,53.3,1.0,fiat,30498669
800,C1,2021,11049,Manual,12942,Petrol,58.9,1.0,citroen,30484897
801,1 Series,2021,23799,Semi-Auto,12963,Petrol,None,1.5,bmw,30208474
802,E-PACE,2019,29849,Automatic,12969,Diesel,39.2,2.0,jaguar,30438199
803,Mondeo,2017,15349,Semi-Auto,54111,Diesel,67.3,2.0,ford,30424938
804,Golf,2018,18749,Semi-Auto,63991,Diesel,57.7,2.0,volkswagen,30480190
805,3008,2019,18949,Manual,14202,Petrol,40.4,1.2,peugeot,30447801
806,108,2018,8849,Manual,14204,Petrol,65.7,1.2,peugeot,30337863
807,508,2020,21499,Semi-Auto,14213,Diesel,61.4,1.5,peugeot,30417201
808,Sandero,2022,11999,Manual,14215,Petrol,53.3,1.0,dacia,30337854
809,Corsa,2020,14349,Manual,14216,Petrol,52.3,1.2,vauxhall,30250965
810,DS 3 Crossback,2020,17099,Manual,14221,Petrol,52.3,1.2,ds,30251082
811,Captur,2019,16349,Semi-Auto,14241,Petrol,42.8,1.3,renault,30514571
812,Yaris,2017,10749,Manual,14250,Petrol,56.5,1.5,toyota,30281338
813,MG3,2019,10849,Manual,14252,Petrol,47.1,1.5,mg,30476723
814,1 Series,2020,25749,Semi-Auto,14265,Petrol,40.4,1.5,bmw,30498579
815,C Class,2017,23049,Semi-Auto,49938,Diesel,61.4,2.1,mercedes-benz,30477021
816,Hatch,2017,11349,Manual,53921,Petrol,60.1,1.5,mini,30485007
817,E-PACE,2018,26049,Automatic,14283,Diesel,47.1,2.0,jaguar,30484976
818,Sportage,2020,17049,Manual,14371,Petrol,34.9,1.6,kia,30178768
819,Mokka X,2019,14049,Semi-Auto,14372,Petrol,37.2,1.4,vauxhall,30483266
820,Kadjar,2020,17049,Manual,14373,Petrol,42.16,1.3,renault,30466783
821,Adam,2019,10449,Manual,14383,Petrol,44.8,1.2,vauxhall,30417280
822,C Class,2019,21349,Semi-Auto,14392,Petrol,46.3,1.5,mercedes-benz,30476909
823,Clio,2021,14249,Manual,14396,Petrol,54.3,1.0,renault,30308201
824,Focus,2020,17049,Manual,14407,Petrol,60.1,1.0,ford,30477119
825,500,2019,9849,Manual,14410,Petrol,55.4,1.2,fiat,30447870
826,Corsa,2020,12549,Manual,14418,Petrol,52.3,1.2,vauxhall,30132555
827,Fiesta,2018,11749,Manual,36804,Petrol,65.7,1.0,ford,30289952
828,Fiesta,2019,12299,Manual,33730,Petrol,58.9,1.0,ford,30384609
829,Aygo,2020,10599,Manual,13298,Petrol,57.7,1.0,toyota,30360642
830,Swift,2020,11349,Manual,13310,Petrol,56.5,1.2,suzuki,30417090
831,Golf,2019,18299,Manual,13310,Petrol,50.4,1.5,volkswagen,30477079
832,Mokka X,2019,15149,Manual,13329,Petrol,39.2,1.4,vauxhall,30438177
833,C Class,2019,23949,Semi-Auto,13330,Petrol,42.2,1.6,mercedes-benz,30384324
834,Countryman,2019,21149,Semi-Auto,13350,Petrol,41.5,1.5,mini,30577493
835,Aygo,2019,8699,Manual,13353,Petrol,56.5,1.0,toyota,30308276
836,C1,2019,9199,Manual,13355,Petrol,None,1.0,citroen,30208728
837,Corsa,2020,11999,Manual,13361,Petrol,53.3,1.2,vauxhall,30225520
838,C1,2018,8349,Manual,13365,Petrol,68.9,1.0,citroen,30477068
839,Fiesta,2020,14549,Manual,18953,Petrol,54.3,1.0,ford,30485045
840,Leon,2019,15449,Manual,46265,Petrol,52.3,1.5,seat,30417366
841,Arona,2020,15449,Semi-Auto,13368,Petrol,47.1,1.0,seat,30260978
842,Corsa,2020,13849,Manual,13394,Petrol,52.3,1.2,vauxhall,30480213
843,C3,2019,15699,Semi-Auto,13394,Petrol,39.1,1.2,citroen,30373272
844,Corsa,2021,16599,Manual,13395,Diesel,70.6,1.5,vauxhall,30407449
845,Aygo,2016,9599,Manual,13397,Petrol,69,1.0,toyota,30572041
846,Fabia,2020,13549,Manual,13444,Petrol,50.4,1.0,skoda,30392968
847,Sportage,2020,16349,Manual,13454,Petrol,35.8,1.6,kia,30572363
848,Q2,2019,17199,Manual,13493,Diesel,49.6,1.6,audi,30188219
849,Fiesta,2020,13099,Manual,13506,Petrol,58.9,1.0,ford,30447957
850,ZS,2022,18349,Manual,13519,Petrol,42.8,1.0,mg,30531464
851,C5 Aircross,2021,17349,Manual,33371,Diesel,61.4,1.5,citroen,30348711
852,Passat,2019,18499,Manual,40583,Diesel,53.3,2.0,volkswagen,30267278
853,Panda,2016,7549,Manual,14692,Petrol,55.4,1.2,fiat,30514580
854,Fiesta,2017,10089,Manual,14693,Petrol,54.3,1.2,ford,30562797
855,T-Roc,2021,24349,Manual,14693,Diesel,58.9,2.0,volkswagen,30307968
856,Corsa,2020,13999,Manual,14696,Petrol,52.3,1.2,vauxhall,30407475
857,Polo,2021,16749,Manual,14699,Petrol,47.9,1.0,volkswagen,30562785
858,A4,2020,25999,Semi-Auto,14706,Diesel,50.4,2.0,audi,30161794
859,Clio,2019,10249,Manual,14711,Petrol,46.3,0.9,renault,30401253
860,Ignis,2021,11399,Manual,14728,Petrol,55.4,1.2,suzuki,30188214
861,MX-5,2017,16549,Manual,14765,Petrol,40.9,2.0,mazda,30546361
862,Vitara,2019,15849,Automatic,14768,Petrol,40.4,1.0,suzuki,30551703
863,i20,2018,9999,Manual,46632,Petrol,46.3,1.2,hyundai,30546256
864,Mokka X,2018,10549,Manual,57451,Petrol,39.2,1.4,vauxhall,30161904
865,Crossland X,2019,12749,Manual,14789,Petrol,47.1,1.2,vauxhall,30348635
866,Focus,2019,16599,Manual,14794,Petrol,60.1,1.0,ford,30557598
867,Mokka X,2019,15549,Manual,14808,Petrol,39.2,1.4,vauxhall,30531304
868,Vitara,2018,15849,Manual,14817,Petrol,53.3,1.6,suzuki,30373307
869,Grandland X,2021,20499,Automatic,14838,Petrol,44.1,1.2,vauxhall,30389340
870,Range Rover Evoque,2019,32599,Automatic,14839,Diesel,42.2,2.0,land rover,30394260
871,Qashqai,2019,19049,Semi-Auto,14870,Diesel,52.3,1.5,nissan,30348735
872,Fiesta,2019,13199,Manual,14898,Petrol,58.9,1.0,ford,30456346
873,Polo,2021,20999,Semi-Auto,14907,Petrol,41.5,2.0,volkswagen,30233529
874,500C,2020,13249,Manual,14925,Petrol,52.3,1.0,fiat,30401261
875,Range Rover Evoque,2017,21249,Automatic,47950,Diesel,55.4,2.0,land rover,30294997
876,A3,2020,17249,Semi-Auto,53694,Hybrid,141.3,1.4,audi,30447775
877,Polo,2020,15199,Manual,13855,Petrol,51.4,1.0,volkswagen,30337803
878,Polo,2018,15699,Manual,13885,Petrol,60.1,1.0,volkswagen,30272244
879,Aygo,2021,12049,Manual,13894,Petrol,57.7,1.0,toyota,30498611
880,1 Series,2020,24499,Semi-Auto,13896,Petrol,40.4,1.5,bmw,30572345
881,Viva,2015,7599,Manual,13900,Petrol,62.8,1.0,vauxhall,30337887
882,Adam,2018,10049,Manual,13922,Petrol,44.8,1.2,vauxhall,30490023
883,Captur,2018,11099,Manual,13944,Petrol,52.3,0.9,renault,30417231
884,Hatch,2021,17049,Manual,13954,Petrol,51.4,1.5,mini,30484968
885,Hatch,2020,16849,Manual,13967,Petrol,47.9,1.5,mini,30490068
886,A1,2020,20049,Semi-Auto,13978,Petrol,44.8,1.5,audi,30079667
887,Leon,2020,16049,Semi-Auto,50245,Petrol,47.1,1.5,seat,30577434
888,Swift,2019,9899,Manual,31611,Petrol,51.4,1.2,suzuki,30281210
889,Ceed,2022,20049,Manual,15033,Petrol,49.6,1.5,kia,30384585
890,Swift,2020,10949,Manual,15034,Petrol,51.4,1.2,suzuki,30178423
891,Clio,2020,12399,Manual,15042,Petrol,49.6,1.0,renault,30384397
892,Clio,2020,13399,Manual,15073,Petrol,49.6,1.0,renault,30367126
893,Fiesta,2020,12349,Manual,15076,Petrol,53.3,1.1,ford,30476799
894,Golf,2019,25849,Semi-Auto,15078,Petrol,37.7,2.0,volkswagen,30531353
895,C3,2017,10449,Manual,15091,Petrol,60.1,1.2,citroen,30337918
896,CX-30,2020,22699,Automatic,15113,Petrol,40.4,2.0,mazda,30132357
897,Polo,2021,18749,Semi-Auto,15117,Petrol,46.3,1.0,volkswagen,30476942
898,Corsa,2020,12549,Manual,15124,Petrol,53.3,1.2,vauxhall,30546350
899,CLA Class,2020,23849,Semi-Auto,37036,Petrol,44.8,1.3,mercedes-benz,30546305
900,Polo,2019,15549,Semi-Auto,26672,Petrol,45.6,1.0,volkswagen,30421772
901,C1,2019,10249,Manual,15132,Petrol,58.9,1.0,citroen,30546313
902,MG3,2019,10949,Manual,15149,Petrol,47.1,1.5,mg,30490084
903,A Class,2019,21549,Semi-Auto,15151,Diesel,67.3,1.5,mercedes-benz,30392900
904,CLA Class,2019,19049,Manual,15195,Petrol,51.4,1.6,mercedes-benz,30251101
905,Grandland X,2020,17899,Manual,15219,Petrol,45.6,1.2,vauxhall,30514570
906,Polo,2020,16049,Manual,15223,Petrol,50.4,1.0,volkswagen,30417344
907,595,2021,15349,Manual,15224,Petrol,41.5,1.4,abarth,30514547
908,Leaf,2021,15699,Blue,Electric,Automatic,15239,,nissan,30360552
909,Adam,2017,9499,Manual,15273,Petrol,53.3,1.2,vauxhall,30447948
910,Fabia,2020,12549,Manual,15279,Petrol,51.4,1.0,skoda,30549634
911,Mokka X,2017,11399,Semi-Auto,43915,Petrol,43.5,1.4,vauxhall,30572070
912,A4,2018,14699,Manual,63521,Diesel,62.8,2.0,audi,29768295
913,Viva,2019,8749,Manual,15307,Petrol,46.3,1.0,vauxhall,30417074
914,Q3,2020,28299,Semi-Auto,15307,Diesel,47.1,2.0,audi,30384445
915,A4,2020,24799,Manual,15332,Petrol,39.2,2.0,audi,30389343
916,Fiesta,2021,15049,Manual,15343,Petrol,54.3,1.0,ford,30348899
917,Aygo,2017,11749,Semi-Auto,15355,Petrol,67.3,1.0,toyota,30519511
918,C5 Aircross,2019,18149,Semi-Auto,15362,Diesel,56.5,1.5,citroen,30260916
919,Fiesta,2019,13999,Manual,15369,Petrol,55.4,1.0,ford,30290015
920,Corsa,2016,11349,Automatic,15380,Petrol,47.9,1.4,vauxhall,30384448
921,Corsa,2020,12499,Manual,15414,Petrol,53.3,1.2,vauxhall,30466759
922,Corsa,2020,14349,Manual,15414,Petrol,52.3,1.2,vauxhall,30417095
923,3 Series,2018,16449,Manual,46833,Diesel,64.2,2.0,bmw,30392866
924,Yaris,2016,12599,Automatic,10979,Petrol,55,1.3,toyota,30299736
925,Kadjar,2020,17049,Manual,14373,Petrol,42.16,1.3,renault,30466783
926,Adam,2019,10449,Manual,14383,Petrol,44.8,1.2,vauxhall,30417280
927,C Class,2019,21349,Semi-Auto,14392,Petrol,46.3,1.5,mercedes-benz,30476909
928,Clio,2021,14249,Manual,14396,Petrol,54.3,1.0,renault,30308201
929,Corsa,2016,8949,Manual,14398,Petrol,55.4,1.4,vauxhall,30577482
930,Focus,2020,17049,Manual,14407,Petrol,60.1,1.0,ford,30477119
931,500,2019,9849,Manual,14410,Petrol,55.4,1.2,fiat,30447870
932,Corsa,2020,12549,Manual,14418,Petrol,52.3,1.2,vauxhall,30132555
933,Swift,2018,10049,Manual,14431,Petrol,61.4,1.0,suzuki,30251061
934,Puma,2021,19049,Manual,14442,Petrol,51.4,1.0,ford,30354628
935,Focus,2020,17499,Manual,18029,Petrol,60.1,1.0,ford,30502640
936,C3,2019,11349,Manual,19483,Petrol,58.9,1.2,citroen,30551688
937,Corsa,2019,9899,Manual,14486,Petrol,43.5,1.4,vauxhall,30103431
938,i20,2022,18899,Manual,14491,Petrol,53.3,1.0,hyundai,30429157
939,Viva,2019,8799,Manual,14497,Petrol,46.3,1.0,vauxhall,30447963
940,Ignis,2018,10849,Manual,14502,Petrol,61.4,1.2,suzuki,30477000
941,MG3,2020,10299,Manual,14527,Petrol,47.1,1.5,mg,30308156
942,308,2019,14999,Manual,14535,Diesel,62.8,1.5,peugeot,30299690
943,Aygo,2017,8799,Manual,14541,Petrol,68.9,1.0,toyota,30281350
944,X1,2019,25899,Semi-Auto,14560,Petrol,39.2,2.0,bmw,30498571
945,A Class,2016,26399,Semi-Auto,14565,Petrol,40.9,2.0,mercedes-benz,30551763
946,Sportage,2021,27799,Automatic,14566,Petrol,33.2,1.6,kia,30438235
947,Captur,2019,11499,Manual,27549,Petrol,52.3,0.9,renault,30448011
948,Q5,2019,29849,Semi-Auto,37996,Petrol,32.1,2.0,audi,30572165
949,CX-30,2021,18499,Manual,15623,Petrol,47.9,2.0,mazda,30407597
950,Hatch,2020,18249,Manual,15634,Petrol,47.9,1.5,mini,30498553
951,C3,2021,13449,Manual,15642,Petrol,54.3,1.2,citroen,30360606
952,208,2020,15799,Manual,15644,Petrol,53.3,1.2,peugeot,30429211
953,Qashqai,2020,18799,Semi-Auto,15647,Petrol,40.9,1.3,nissan,30417053
954,Stonic,2021,18799,Manual,15649,Petrol,50.4,1.0,kia,30456336
955,Micra,2020,11999,Manual,15655,Petrol,47.9,1.0,nissan,30392957
956,X2,2019,20799,Manual,15691,Diesel,55.4,2.0,bmw,30417398
957,Picanto,2018,12249,Manual,15698,Petrol,61.4,1.2,kia,30429277
958,Citigo,2018,10049,Manual,15741,Petrol,68.9,1.0,skoda,30429274
959,Focus,2019,14949,Manual,46147,Diesel,74.3,1.5,ford,30451787
960,Fabia,2017,12049,Manual,21689,Petrol,64.2,1.0,skoda,30421758
961,CX-30,2021,19899,Manual,15760,Petrol,47.9,2.0,mazda,30417066
962,Sandero,2021,13399,Manual,15773,Petrol,53.3,1.0,dacia,30519640
963,Q2,2019,19399,Manual,15777,Petrol,47.1,1.0,audi,30502667
964,Range Rover Evoque,2019,25349,Manual,15797,Diesel,44.8,2.0,land rover,30514573
965,Fiesta,2020,12199,Manual,15812,Petrol,53.3,1.1,ford,30551659
966,Clio,2019,12449,Manual,15812,Petrol,47.1,0.9,renault,30531447
967,Fiesta,2020,17799,Manual,15828,Petrol,40.3,1.5,ford,30348885
968,Ibiza,2019,15049,Manual,15842,Petrol,51.4,1.0,seat,30480308
969,C3,2020,12299,Manual,15850,Petrol,51.4,1.2,citroen,30460803
970,Sorento,2019,31849,Automatic,15853,Diesel,37.7,2.2,kia,30531462
971,Hatch,2019,16499,Semi-Auto,25768,Petrol,43.5,1.5,mini,30498552
972,3008,2018,15849,Manual,33939,Diesel,67.3,1.5,peugeot,30161858
973,i10,2018,11099,Semi-Auto,15882,Petrol,47.9,1.2,hyundai,30531259
974,Octavia,2020,17449,Manual,15887,Petrol,54.3,1.0,skoda,30308274
975,Corsa,2021,16649,Automatic,15891,Petrol,52.3,1.2,vauxhall,30308039
976,Corsa,2019,10599,Manual,15900,Petrol,43.5,1.4,vauxhall,30225522
977,Fortwo,2016,8649,Manual,15911,Petrol,68.9,1.0,smart,30281243
978,Passat,2019,19249,Semi-Auto,15911,Petrol,41.5,1.5,volkswagen,30251155
979,Fiesta,2020,14949,Manual,15915,Petrol,54.3,1.0,ford,30557586
980,Captur,2019,12399,Manual,15920,Petrol,52.3,0.9,renault,30551745
981,Qashqai,2019,17399,Manual,15928,Petrol,40.4,1.3,nissan,30325189
982,Mazda2,2019,13799,Manual,15950,Petrol,48.7,1.5,mazda,30284845
983,Leon,2020,17549,Manual,40317,Diesel,54.3,2.0,seat,30531267
984,Kuga,2018,15199,Manual,49740,Petrol,39.2,1.5,ford,30407601
985,C4,2021,19449,Semi-Auto,14927,Diesel,64.2,1.5,citroen,30407520
986,Captur,2020,16499,Manual,14931,Petrol,46.3,1.0,renault,30557574
987,Polo,2019,16999,Semi-Auto,14944,Petrol,45.6,1.0,volkswagen,30572025
988,MG3,2020,10499,Manual,14950,Petrol,47.1,1.5,mg,30429212
989,MG3,2021,11199,Manual,14950,Petrol,42.8,1.5,mg,30188165
990,CX-5,2020,20849,Manual,14970,Petrol,38.2,2.0,mazda,30546268
991,500,2018,9049,Manual,15000,Petrol,60.1,1.2,fiat,30294936
992,Ignis,2020,14299,Semi-Auto,15004,Petrol,50.4,1.2,suzuki,30456302
993,A4,2020,22799,Semi-Auto,15013,Petrol,42.2,2.0,audi,30360650
994,Fiesta,2021,15499,Manual,15020,Petrol,57.7,1.0,ford,30498621
995,Corsa,2018,9499,Manual,38416,Petrol,43.5,1.4,vauxhall,30407573
996,A Class,2019,19699,Manual,21676,Petrol,28.5,1.3,mercedes-benz,30307978
997,Pro Ceed,2021,18799,Manual,16165,Petrol,48.7,1.5,kia,30178629
998,Korando,2020,20349,Semi-Auto,16165,Petrol,35.8,1.5,ssangyong,30448001
999,Fiesta,2018,13299,Manual,16166,Petrol,58.9,1.0,ford,30507599
1000,GLC Class,2016,26049,Semi-Auto,16182,Diesel,56.5,2.1,mercedes-benz,30531423
1001,Astra,2019,14399,Manual,16194,Petrol,45.6,1.6,vauxhall,30502733
1002,Polo,2021,19099,Semi-Auto,16196,Petrol,51.4,1.0,volkswagen,30480217
1003,C1,2019,8949,Manual,16204,Petrol,68.9,1.0,citroen,30225486
1004,Puma,2020,17849,Manual,16247,Petrol,48.7,1.0,ford,30417383
1005,Corsa,2018,12749,Automatic,16273,Petrol,39.8,1.4,vauxhall,30448027
1006,Viva,2018,8049,Manual,16280,Petrol,61.4,1.0,vauxhall,30337867
1007,Corsa,2020,11449,Manual,24151,Petrol,53.3,1.2,vauxhall,30577518
1008,Polo,2018,14049,Semi-Auto,43360,Petrol,45.6,1.0,volkswagen,30317272
1009,i20,2020,14349,Manual,16286,Petrol,46.3,1.2,hyundai,30514520
1010,C3,2021,13649,Manual,16303,Petrol,54.3,1.2,citroen,30281412
1011,Fiesta,2020,14349,Manual,16329,Petrol,54.3,1.0,ford,30281297
1012,Vitara,2020,15799,Manual,16351,Petrol,42.8,1.4,suzuki,30476874
1013,Astra,2020,14999,Manual,16358,Petrol,54.3,1.2,vauxhall,30312181
1014,Focus,2020,18949,Manual,16389,Petrol,60.1,1.0,ford,30562805
1015,Hatch,2020,18649,Manual,16395,Petrol,47.9,1.5,mini,30490090
1016,Range Rover Evoque,2019,30049,Automatic,16401,Diesel,41.5,2.0,land rover,30460786
1017,Astra,2020,13599,Manual,16407,Petrol,54.3,1.2,vauxhall,30447958
1018,Fiesta,2020,12799,Manual,16413,Petrol,55.4,1.0,ford,30295006
1019,Fiesta,2018,10449,Manual,32161,Petrol,55.4,1.1,ford,30354561
1020,Fabia,2018,10749,Manual,43144,Petrol,64.2,1.0,skoda,30389280
1021,Corsa,2018,9649,Manual,16457,Petrol,43.5,1.4,vauxhall,30348849
1022,Fabia,2019,13349,Manual,16462,Petrol,51.4,1.0,skoda,30531279
1023,Stonic,2021,17849,Manual,16471,Petrol,50.4,1.0,kia,30476810
1024,Focus,2020,18849,Manual,16501,Petrol,60.1,1.0,ford,30480314
1025,Polo,2021,15699,Manual,16509,Petrol,50.4,1.0,volkswagen,30281311
1026,1 Series,2019,19799,Manual,16522,Petrol,44.1,1.5,bmw,30490056
1027,Fiesta,2020,12549,Manual,16526,Petrol,55.4,1.0,ford,30417389
1028,Sportage,2020,26349,Automatic,16528,Petrol,32.1,1.6,kia,30476904
1029,508,2020,19199,Manual,16541,Diesel,60.1,1.5,peugeot,30401247
1030,Polo,2021,16299,Manual,16546,Petrol,50.4,1.0,volkswagen,30456360
1031,Mokka X,2019,13499,Semi-Auto,33914,Petrol,37.2,1.4,vauxhall,30438141
1032,Captur,2017,10999,Manual,33431,Petrol,55.4,0.9,renault,30498441
1033,Up,2018,12999,Manual,16549,Petrol,50.4,1.0,volkswagen,30161852
1034,Zoe,2021,13349,Grey,Electric,Automatic,16568,,renault,30551722
1035,108,2020,9349,Manual,16581,Petrol,58.9,1.0,peugeot,30392939
1036,Vitara,2020,15499,Manual,16587,Petrol,42.8,1.4,suzuki,30384415
1037,Clubman,2019,21449,Manual,16596,Petrol,40.4,2.0,mini,30460880
1038,Korando,2019,21049,Semi-Auto,16601,Diesel,41.5,1.6,ssangyong,30531348
1039,Golf,2019,19899,Semi-Auto,16625,Petrol,43.5,1.5,volkswagen,30476759
1040,Aygo,2017,8549,Manual,16626,Petrol,69,1.0,toyota,30480309
1041,Kuga,2019,18199,Manual,16644,Petrol,35.3,1.5,ford,30188159
1042,Ignis,2021,13849,Manual,16654,Petrol,55.4,1.2,suzuki,30546379
1043,C1,2019,8899,Manual,15562,Petrol,68.9,1.0,citroen,30531332
1044,1 Series,2019,15649,Manual,60132,Petrol,52.3,1.5,bmw,30498679
1045,Range Rover Evoque,2019,25749,Manual,16661,Diesel,44.8,2.0,land rover,30407446
1046,500,2020,10699,Manual,16664,Petrol,53.3,1.0,fiat,30384322
1047,Mokka X,2017,13599,Manual,16667,Petrol,47.1,1.4,vauxhall,30531552
1048,Corsa,2017,9599,Manual,16671,Petrol,55.4,1.4,vauxhall,30384395
1049,Corsa,2020,12049,Manual,16678,Petrol,53.3,1.2,vauxhall,30551756
1050,Polo,2018,14349,Manual,16678,Petrol,52.3,1.0,volkswagen,30251332
1051,EcoSport,2018,15699,Semi-Auto,16679,Petrol,45.6,1.0,ford,30551775
1052,T-Cross,2020,22549,Automatic,16683,Petrol,45.6,1.0,volkswagen,30551740
1053,Captur,2020,17049,Manual,16689,Petrol,46.3,1.0,renault,30490163
1054,500,2020,12049,Manual,16698,Petrol,53.3,1.0,fiat,30384694
1055,Captur,2019,11349,Manual,55608,Petrol,52.3,0.9,renault,30448089
1056,Touareg,2018,24899,Semi-Auto,52340,Diesel,42.8,3.0,volkswagen,30354553
1057,Hatch,2020,16849,Manual,16704,Petrol,47.9,1.5,mini,30507553
1058,Corsa,2019,11149,Manual,16722,Petrol,43.5,1.4,vauxhall,30417342
1059,Swift,2016,11799,Automatic,16735,Petrol,50.4,1.2,suzuki,30178664
1060,CRV,2016,17349,Manual,16744,Petrol,37.2,2.0,honda,30240298
1061,Mazda2,2020,12049,Manual,16749,Petrol,53.3,1.5,mazda,30417258
1062,Ceed,2019,14499,Manual,16766,Diesel,60.1,1.6,kia,30429255
1063,Corsa,2018,9999,Manual,16815,Petrol,43.5,1.4,vauxhall,30384668
1064,ZS,2021,17049,Manual,16823,Petrol,42.8,1.5,mg,30519631
1065,Fabia,2021,16849,Semi-Auto,16834,Petrol,47.9,1.0,skoda,30425001
1066,5 Series,2020,25549,Semi-Auto,16837,Diesel,49.6,2.0,bmw,30046169
1067,Golf,2019,17999,Semi-Auto,27762,Petrol,44.1,1.5,volkswagen,30042218
1068,Countryman,2018,17999,Manual,31292,Petrol,43.5,2.0,mini,30367165
1069,Hatch,2020,18249,Manual,15634,Petrol,47.9,1.5,mini,30498553
1070,C3,2021,13449,Manual,15642,Petrol,54.3,1.2,citroen,30360606
1071,208,2020,15799,Manual,15644,Petrol,53.3,1.2,peugeot,30429211
1072,Qashqai,2020,18799,Semi-Auto,15647,Petrol,40.9,1.3,nissan,30417053
1073,Stonic,2021,18799,Manual,15649,Petrol,50.4,1.0,kia,30456336
1074,Micra,2020,11999,Manual,15655,Petrol,47.9,1.0,nissan,30392957
1075,Sandero Stepway,2021,14899,Manual,15673,OTHER,48.7,1.0,dacia,30572319
1076,Fiesta,2020,16299,Manual,15690,Petrol,55.4,1.0,ford,30490174
1077,X2,2019,20799,Manual,15691,Diesel,55.4,2.0,bmw,30417398
1078,Picanto,2018,12249,Manual,15698,Petrol,61.4,1.2,kia,30429277
1079,Ateca,2019,18349,Semi-Auto,35869,Diesel,48.7,1.6,seat,30476720
1080,C-MAX,2018,12549,Manual,31611,Diesel,60.1,1.5,ford,30551670
1081,595,2016,11749,Manual,15706,Petrol,47.1,1.4,abarth,30460890
1082,Citigo,2018,10049,Manual,15741,Petrol,68.9,1.0,skoda,30429274
1083,CX-30,2021,19899,Manual,15760,Petrol,47.9,2.0,mazda,30417066
1084,Sandero,2021,13399,Manual,15773,Petrol,53.3,1.0,dacia,30519640
1085,Arona,2018,13399,Manual,15776,Petrol,57.7,1.0,seat,30572190
1086,Q2,2019,19399,Manual,15777,Petrol,47.1,1.0,audi,30502667
1087,Range Rover Evoque,2019,25349,Manual,15797,Diesel,44.8,2.0,land rover,30514573
1088,Fiesta,2017,10299,Manual,15799,Petrol,65.7,1.0,ford,30572142
1089,Fiesta,2020,12199,Manual,15812,Petrol,53.3,1.1,ford,30551659
1090,Clio,2019,12449,Manual,15812,Petrol,47.1,0.9,renault,30531447
1091,Ignis,2019,10299,Manual,28872,Petrol,53.3,1.2,suzuki,30255969
1092,Fabia,2018,9899,Manual,26012,Petrol,57.7,1.0,skoda,30447899
1093,Corsa,2019,10949,Manual,16972,Petrol,43.5,1.4,vauxhall,30514583
1094,C3,2019,11899,Manual,16972,Petrol,51.4,1.2,citroen,30251096
1095,Puma,2021,18899,Manual,16981,Petrol,51.4,1.0,ford,30417232
1096,Superb,2019,19549,Manual,16995,Diesel,65.7,2.0,skoda,30417262
1097,Karoq,2021,22299,Automatic,17004,Petrol,44.8,1.5,skoda,30466787
1098,Focus,2020,18549,Manual,17014,Petrol,52.3,1.0,ford,30325170
1099,Corsa,2018,8849,Manual,17016,Petrol,43.5,1.4,vauxhall,30050263
1100,Corsa,2020,12599,Manual,17031,Petrol,53.3,1.2,vauxhall,30476771
1101,595,2018,12599,Manual,17034,Petrol,47.1,1.4,abarth,30557554
1102,Aygo,2018,9449,Manual,17040,Petrol,56.5,1.0,toyota,30392876
1103,Swift,2019,9249,Manual,43089,Petrol,51.4,1.2,suzuki,30250927
1104,GLC Class,2020,28549,Semi-Auto,62158,Diesel,44.8,1.9,mercedes-benz,30551716
1105,Corsa,2021,16649,Automatic,15891,Petrol,52.3,1.2,vauxhall,30308039
1106,Corsa,2019,10599,Manual,15900,Petrol,43.5,1.4,vauxhall,30225522
1107,Fortwo,2016,8649,Manual,15911,Petrol,68.9,1.0,smart,30281243
1108,Passat,2019,19249,Semi-Auto,15911,Petrol,41.5,1.5,volkswagen,30251155
1109,Fiesta,2020,14949,Manual,15915,Petrol,54.3,1.0,ford,30557586
1110,Captur,2019,12399,Manual,15920,Petrol,52.3,0.9,renault,30551745
1111,Qashqai,2019,17399,Manual,15928,Petrol,40.4,1.3,nissan,30325189
1112,Mazda2,2019,13799,Manual,15950,Petrol,48.7,1.5,mazda,30284845
1113,595,2016,13049,Manual,15964,Petrol,47.1,1.4,abarth,30514566
1114,Picanto,2017,11249,Manual,15974,Petrol,61.4,1.2,kia,30392972
1115,XE,2019,21549,Automatic,19247,Diesel,42.8,2.0,jaguar,30280346
1116,Ibiza,2020,15599,Manual,19040,Petrol,50.4,1.0,seat,30392979
1117,Q2,2019,17549,Manual,17188,Diesel,49.6,1.6,audi,30281213
1118,Crossland,2021,14399,Manual,17190,Petrol,48.7,1.2,vauxhall,30308227
1119,Hatch,2020,18999,Semi-Auto,17200,Petrol,47.9,1.5,mini,30562742
1120,Ignis,2017,9899,Manual,17201,Petrol,61.4,1.2,suzuki,30384610
1121,Corsa,2018,9599,Manual,17237,Petrol,54.3,1.4,vauxhall,30354581
1122,Aygo,2019,10499,Manual,17240,Petrol,56.5,1.0,toyota,30448042
1123,Range Rover Evoque,2020,25249,Manual,17264,Diesel,44.8,2.0,land rover,30267263
1124,T-Cross,2019,19049,Manual,17282,Petrol,47.9,1.0,volkswagen,30531433
1125,Picanto,2020,13249,Manual,17294,Petrol,49.6,1.0,kia,30451735
1126,Mokka X,2019,16199,Semi-Auto,17295,Petrol,37.2,1.4,vauxhall,30389279
1127,A Class,2019,21049,Semi-Auto,28358,Diesel,56.5,1.9,mercedes-benz,30466667
1128,3008,2017,15549,Manual,45488,Diesel,70.6,1.6,peugeot,30389297
1129,Aygo,2019,9349,Manual,17314,Petrol,56.5,1.0,toyota,30255980
1130,Fiesta,2020,14549,Manual,17330,Petrol,54.3,1.0,ford,30514549
1131,C1,2020,10399,Manual,17343,Petrol,58.9,1.0,citroen,30557589
1132,A3,2020,24699,Semi-Auto,17347,Petrol,47.9,1.5,audi,30367131
1133,Qashqai,2018,21399,Semi-Auto,17355,Petrol,39.8,1.3,nissan,30490034
1134,Focus,2019,18299,Automatic,17364,Petrol,47.9,1.5,ford,30557497
1135,Grand C4 Picasso,2018,18549,Semi-Auto,17365,Diesel,68.9,1.6,citroen,30531426
1136,5 Series,2020,30949,Semi-Auto,17374,Diesel,47.9,2.0,bmw,30384661
1137,Fabia,2019,14049,Manual,17387,Petrol,50.4,1.0,skoda,30476950
1138,C1,2020,9649,Manual,17404,Petrol,58.9,1.0,citroen,30348703
1139,Leon,2018,11499,Manual,32299,Diesel,70.6,1.6,seat,30250946
1140,Astra,2019,9749,Manual,40790,Petrol,48.7,1.0,vauxhall,30267303
1141,500,2019,9849,Manual,17407,Petrol,55.4,1.2,fiat,30480237
1142,T-Cross,2020,17449,Manual,17419,Petrol,48.7,1.0,volkswagen,30267280
1143,C3,2019,11849,Manual,17423,Petrol,60.1,1.2,citroen,30392927
1144,Mazda2,2018,12349,Manual,17426,Petrol,49.6,1.5,mazda,30485041
1145,MX-5,2019,18849,Manual,17428,Petrol,44.8,1.5,mazda,30299746
1146,Golf,2019,20499,Semi-Auto,17437,Petrol,43.5,1.5,volkswagen,30132464
1147,DS 3 Crossback,2019,18699,Semi-Auto,17459,Petrol,47.1,1.2,ds,30498447
1148,Crossland X,2019,13299,Manual,17467,Petrol,44.8,1.2,vauxhall,30417079
1149,Corsa,2018,9899,Manual,17470,Petrol,54.3,1.4,vauxhall,30480281
1150,A Class,2019,20649,Manual,17498,Diesel,58.9,1.5,mercedes-benz,30401249
1151,Ateca,2019,19899,Semi-Auto,20827,Petrol,40.9,1.5,seat,30161838
1152,2 Series,2020,29299,Semi-Auto,17800,Petrol,36.2,2.0,bmw,30421728
1153,Hatch,2020,18649,Manual,16395,Petrol,47.9,1.5,mini,30490090
1154,Range Rover Evoque,2019,30049,Automatic,16401,Diesel,41.5,2.0,land rover,30460786
1155,Astra,2020,13599,Manual,16407,Petrol,54.3,1.2,vauxhall,30447958
1156,Fiesta,2020,12799,Manual,16413,Petrol,55.4,1.0,ford,30295006
1157,Corsa,2018,9649,Manual,16457,Petrol,43.5,1.4,vauxhall,30348849
1158,Fabia,2019,13349,Manual,16462,Petrol,51.4,1.0,skoda,30531279
1159,Stonic,2021,17849,Manual,16471,Petrol,50.4,1.0,kia,30476810
1160,MX-5,2017,16799,Manual,16481,Petrol,None,2.0,mazda,30208421
1161,A1,2019,17749,Semi-Auto,16482,Petrol,48.7,1.0,audi,30367103
1162,Focus,2020,18849,Manual,16501,Petrol,60.1,1.0,ford,30480314
1163,Kona,2019,13399,Manual,37958,Petrol,44.1,1.0,hyundai,30312233
1164,Corsa,2020,12049,Manual,26595,Petrol,53.3,1.2,vauxhall,30519635
1165,CX-3,2019,18749,Automatic,17589,Petrol,39.2,2.0,mazda,30498613
1166,Mokka X,2019,15799,Semi-Auto,17590,Petrol,37.2,1.4,vauxhall,30325190
1167,Polo,2021,15449,Manual,17591,Petrol,51.4,1.0,volkswagen,30417120
1168,Crossland,2021,18799,Semi-Auto,17594,Petrol,46.3,1.2,vauxhall,30384598
1169,Adam,2017,9499,Manual,17605,Petrol,53.3,1.2,vauxhall,30514599
1170,Swift,2016,11049,Automatic,17607,Petrol,50.4,1.2,suzuki,30113711
1171,Adam,2018,9849,Manual,17619,Petrol,44.8,1.2,vauxhall,30551672
1172,Corsa,2021,13549,Manual,17626,Petrol,54.3,1.2,vauxhall,30514609
1173,Fabia,2018,12449,Manual,17627,Petrol,61.4,1.0,skoda,30421713
1174,Optima,2019,15899,Manual,17634,Diesel,52.3,1.6,kia,30417033
1175,Range Rover Evoque,2019,28549,Automatic,17139,Diesel,42.2,2.0,land rover,30477006
1176,Range Rover Evoque,2019,28549,Automatic,17139,Diesel,42.2,2.0,land rover,30477006
1177,Aygo,2019,10049,Manual,17647,Petrol,56.5,1.0,toyota,30531442
1178,C3,2020,12449,Manual,17654,Petrol,51.4,1.2,citroen,30466683
1179,208,2020,18749,Semi-Auto,17657,Petrol,52.3,1.2,peugeot,30463890
1180,A3,2018,20549,Semi-Auto,17658,Petrol,44.1,1.0,audi,30354550
1181,Leon,2020,23099,Semi-Auto,17667,Petrol,38.7,2.0,seat,30325311
1182,Corsa,2019,10849,Manual,17675,Petrol,43.5,1.4,vauxhall,30480252
1183,Corsa,2019,11699,Manual,17677,Petrol,53.3,1.2,vauxhall,30250956
1184,Hatch,2021,16599,Manual,17683,Petrol,51.4,1.5,mini,30417218
1185,1 Series,2019,17499,Manual,17709,Petrol,52.3,1.5,bmw,30233550
1186,500,2017,9349,Manual,17710,Petrol,60.1,1.2,fiat,30562721
1187,Duster,2019,12499,Manual,50064,Petrol,41.5,1.3,dacia,30480249
